image_id,predicted_label
0,Forest
1,SeaLake
2,Forest
3,HerbaceousVegetation
4,AnnualCrop
5,Industrial
6,SeaLake
7,Highway
8,SeaLake
9,PermanentCrop
10,Highway
11,SeaLake
12,Highway
13,Residential
14,PermanentCrop
15,River
16,SeaLake
17,Industrial
18,Residential
19,Forest
20,AnnualCrop
21,PermanentCrop
22,Residential
23,Residential
24,AnnualCrop
25,SeaLake
26,Highway
27,AnnualCrop
28,PermanentCrop
29,Forest
30,Pasture
31,SeaLake
32,SeaLake
33,Pasture
34,Highway
35,Industrial
36,Residential
37,Industrial
38,Residential
39,River
40,PermanentCrop
41,PermanentCrop
42,Highway
43,Residential
44,Residential
45,SeaLake
46,SeaLake
47,AnnualCrop
48,AnnualCrop
49,River
50,PermanentCrop
51,Residential
52,Industrial
53,Highway
54,HerbaceousVegetation
55,Residential
56,HerbaceousVegetation
57,Forest
58,Highway
59,SeaLake
60,Highway
61,PermanentCrop
62,HerbaceousVegetation
63,Industrial
64,Residential
65,AnnualCrop
66,PermanentCrop
67,Industrial
68,River
69,AnnualCrop
70,Industrial
71,Forest
72,Residential
73,Industrial
74,HerbaceousVegetation
75,AnnualCrop
76,HerbaceousVegetation
77,Residential
78,River
79,Forest
80,SeaLake
81,Residential
82,Residential
83,Highway
84,HerbaceousVegetation
85,River
86,Industrial
87,AnnualCrop
88,SeaLake
89,River
90,River
91,PermanentCrop
92,River
93,Highway
94,HerbaceousVegetation
95,AnnualCrop
96,Forest
97,SeaLake
98,PermanentCrop
99,Highway
100,SeaLake
101,AnnualCrop
102,Industrial
103,PermanentCrop
104,River
105,HerbaceousVegetation
106,Industrial
107,River
108,PermanentCrop
109,Industrial
110,Residential
111,AnnualCrop
112,River
113,SeaLake
114,PermanentCrop
115,Residential
116,SeaLake
117,River
118,Residential
119,Highway
120,AnnualCrop
121,AnnualCrop
122,River
123,Forest
124,HerbaceousVegetation
125,SeaLake
126,Residential
127,Industrial
128,River
129,Industrial
130,Forest
131,Residential
132,Industrial
133,SeaLake
134,Forest
135,River
136,Industrial
137,PermanentCrop
138,Highway
139,SeaLake
140,PermanentCrop
141,SeaLake
142,Industrial
143,SeaLake
144,HerbaceousVegetation
145,SeaLake
146,SeaLake
147,SeaLake
148,Industrial
149,Forest
150,SeaLake
151,Forest
152,Residential
153,Industrial
154,HerbaceousVegetation
155,Forest
156,Residential
157,River
158,HerbaceousVegetation
159,Residential
160,River
161,Industrial
162,HerbaceousVegetation
163,Industrial
164,AnnualCrop
165,Forest
166,Residential
167,AnnualCrop
168,River
169,River
170,Industrial
171,Residential
172,Pasture
173,River
174,HerbaceousVegetation
175,Forest
176,Forest
177,PermanentCrop
178,Forest
179,Highway
180,PermanentCrop
181,HerbaceousVegetation
182,Forest
183,SeaLake
184,AnnualCrop
185,Forest
186,SeaLake
187,Pasture
188,River
189,River
190,River
191,River
192,AnnualCrop
193,HerbaceousVegetation
194,PermanentCrop
195,AnnualCrop
196,Industrial
197,Residential
198,River
199,PermanentCrop
200,Residential
201,Residential
202,AnnualCrop
203,Residential
204,Residential
205,Pasture
206,Industrial
207,Forest
208,SeaLake
209,Highway
210,Industrial
211,AnnualCrop
212,Forest
213,PermanentCrop
214,Industrial
215,Highway
216,Industrial
217,Industrial
218,Forest
219,Forest
220,HerbaceousVegetation
221,River
222,Highway
223,Pasture
224,Highway
225,Highway
226,HerbaceousVegetation
227,AnnualCrop
228,Residential
229,HerbaceousVegetation
230,Industrial
231,Industrial
232,AnnualCrop
233,SeaLake
234,Residential
235,SeaLake
236,Industrial
237,HerbaceousVegetation
238,Forest
239,SeaLake
240,Pasture
241,AnnualCrop
242,Forest
243,SeaLake
244,Residential
245,Forest
246,Industrial
247,AnnualCrop
248,Forest
249,SeaLake
250,Highway
251,HerbaceousVegetation
252,River
253,HerbaceousVegetation
254,HerbaceousVegetation
255,River
256,PermanentCrop
257,PermanentCrop
258,Industrial
259,Pasture
260,HerbaceousVegetation
261,Forest
262,Industrial
263,Highway
264,Industrial
265,Industrial
266,Industrial
267,River
268,Highway
269,PermanentCrop
270,Highway
271,River
272,SeaLake
273,SeaLake
274,Industrial
275,AnnualCrop
276,Forest
277,SeaLake
278,River
279,Residential
280,Pasture
281,SeaLake
282,River
283,HerbaceousVegetation
284,Highway
285,AnnualCrop
286,Forest
287,Forest
288,Pasture
289,Industrial
290,Pasture
291,Pasture
292,HerbaceousVegetation
293,Pasture
294,Forest
295,Residential
296,Residential
297,Residential
298,Industrial
299,HerbaceousVegetation
300,Forest
301,PermanentCrop
302,HerbaceousVegetation
303,Pasture
304,Industrial
305,Residential
306,Residential
307,River
308,HerbaceousVegetation
309,Pasture
310,AnnualCrop
311,SeaLake
312,SeaLake
313,Forest
314,Residential
315,Residential
316,SeaLake
317,Industrial
318,PermanentCrop
319,SeaLake
320,Highway
321,Highway
322,Industrial
323,SeaLake
324,Industrial
325,Highway
326,Residential
327,Forest
328,PermanentCrop
329,Residential
330,Highway
331,AnnualCrop
332,HerbaceousVegetation
333,Highway
334,SeaLake
335,Forest
336,Residential
337,SeaLake
338,Highway
339,AnnualCrop
340,SeaLake
341,AnnualCrop
342,Highway
343,AnnualCrop
344,AnnualCrop
345,Forest
346,Industrial
347,Highway
348,Forest
349,Highway
350,PermanentCrop
351,HerbaceousVegetation
352,Pasture
353,Residential
354,Industrial
355,Forest
356,Residential
357,AnnualCrop
358,AnnualCrop
359,AnnualCrop
360,Industrial
361,Forest
362,Forest
363,Residential
364,PermanentCrop
365,Forest
366,PermanentCrop
367,SeaLake
368,Highway
369,Residential
370,SeaLake
371,SeaLake
372,Forest
373,Forest
374,Pasture
375,Industrial
376,Highway
377,Pasture
378,SeaLake
379,River
380,River
381,SeaLake
382,Forest
383,Highway
384,Residential
385,Pasture
386,PermanentCrop
387,HerbaceousVegetation
388,AnnualCrop
389,HerbaceousVegetation
390,Highway
391,Highway
392,Forest
393,Highway
394,Forest
395,River
396,HerbaceousVegetation
397,SeaLake
398,PermanentCrop
399,HerbaceousVegetation
400,SeaLake
401,SeaLake
402,Residential
403,Residential
404,Highway
405,AnnualCrop
406,Residential
407,HerbaceousVegetation
408,Residential
409,Industrial
410,PermanentCrop
411,Residential
412,River
413,Industrial
414,Forest
415,Forest
416,Industrial
417,Highway
418,PermanentCrop
419,Highway
420,SeaLake
421,PermanentCrop
422,AnnualCrop
423,PermanentCrop
424,HerbaceousVegetation
425,Industrial
426,River
427,River
428,AnnualCrop
429,River
430,Pasture
431,Residential
432,SeaLake
433,River
434,AnnualCrop
435,Residential
436,River
437,Residential
438,Pasture
439,PermanentCrop
440,PermanentCrop
441,SeaLake
442,Forest
443,Forest
444,SeaLake
445,Forest
446,AnnualCrop
447,Residential
448,Residential
449,HerbaceousVegetation
450,HerbaceousVegetation
451,Highway
452,AnnualCrop
453,HerbaceousVegetation
454,River
455,AnnualCrop
456,PermanentCrop
457,PermanentCrop
458,Residential
459,Highway
460,Residential
461,SeaLake
462,River
463,HerbaceousVegetation
464,HerbaceousVegetation
465,Industrial
466,Pasture
467,River
468,Forest
469,AnnualCrop
470,HerbaceousVegetation
471,Residential
472,Industrial
473,HerbaceousVegetation
474,Industrial
475,Highway
476,SeaLake
477,Pasture
478,AnnualCrop
479,AnnualCrop
480,HerbaceousVegetation
481,HerbaceousVegetation
482,Highway
483,PermanentCrop
484,Highway
485,PermanentCrop
486,Pasture
487,Highway
488,SeaLake
489,Industrial
490,River
491,SeaLake
492,AnnualCrop
493,River
494,Residential
495,Residential
496,Pasture
497,AnnualCrop
498,Pasture
499,AnnualCrop
500,SeaLake
501,Highway
502,AnnualCrop
503,Pasture
504,AnnualCrop
505,AnnualCrop
506,Pasture
507,Residential
508,SeaLake
509,Highway
510,Highway
511,Industrial
512,HerbaceousVegetation
513,SeaLake
514,Residential
515,AnnualCrop
516,Highway
517,PermanentCrop
518,Residential
519,HerbaceousVegetation
520,Pasture
521,Industrial
522,PermanentCrop
523,PermanentCrop
524,AnnualCrop
525,Residential
526,Highway
527,HerbaceousVegetation
528,HerbaceousVegetation
529,Residential
530,Highway
531,Pasture
532,Pasture
533,Residential
534,Residential
535,HerbaceousVegetation
536,River
537,HerbaceousVegetation
538,Forest
539,Highway
540,Forest
541,Forest
542,SeaLake
543,Highway
544,Highway
545,Industrial
546,HerbaceousVegetation
547,Industrial
548,AnnualCrop
549,River
550,HerbaceousVegetation
551,HerbaceousVegetation
552,AnnualCrop
553,HerbaceousVegetation
554,AnnualCrop
555,Industrial
556,Residential
557,Residential
558,Highway
559,AnnualCrop
560,PermanentCrop
561,Residential
562,HerbaceousVegetation
563,SeaLake
564,Residential
565,Residential
566,Forest
567,AnnualCrop
568,River
569,Pasture
570,AnnualCrop
571,Forest
572,AnnualCrop
573,Pasture
574,HerbaceousVegetation
575,Forest
576,Residential
577,HerbaceousVegetation
578,Industrial
579,SeaLake
580,Industrial
581,River
582,PermanentCrop
583,Pasture
584,Pasture
585,PermanentCrop
586,River
587,Highway
588,AnnualCrop
589,Industrial
590,SeaLake
591,HerbaceousVegetation
592,Residential
593,Residential
594,Forest
595,SeaLake
596,River
597,Residential
598,Forest
599,River
600,Pasture
601,Highway
602,HerbaceousVegetation
603,PermanentCrop
604,SeaLake
605,HerbaceousVegetation
606,Forest
607,HerbaceousVegetation
608,SeaLake
609,River
610,AnnualCrop
611,SeaLake
612,HerbaceousVegetation
613,River
614,Highway
615,Residential
616,Residential
617,Forest
618,Pasture
619,Industrial
620,SeaLake
621,River
622,River
623,Forest
624,PermanentCrop
625,Industrial
626,Residential
627,HerbaceousVegetation
628,Industrial
629,SeaLake
630,AnnualCrop
631,Highway
632,Industrial
633,HerbaceousVegetation
634,SeaLake
635,AnnualCrop
636,AnnualCrop
637,AnnualCrop
638,Forest
639,AnnualCrop
640,HerbaceousVegetation
641,AnnualCrop
642,PermanentCrop
643,Pasture
644,Residential
645,Forest
646,HerbaceousVegetation
647,AnnualCrop
648,HerbaceousVegetation
649,Highway
650,Residential
651,Residential
652,Pasture
653,Pasture
654,Forest
655,Residential
656,AnnualCrop
657,PermanentCrop
658,River
659,HerbaceousVegetation
660,Pasture
661,Industrial
662,Pasture
663,River
664,HerbaceousVegetation
665,PermanentCrop
666,AnnualCrop
667,AnnualCrop
668,Residential
669,River
670,Pasture
671,Forest
672,Highway
673,Residential
674,Residential
675,AnnualCrop
676,HerbaceousVegetation
677,HerbaceousVegetation
678,River
679,AnnualCrop
680,HerbaceousVegetation
681,SeaLake
682,AnnualCrop
683,HerbaceousVegetation
684,Residential
685,HerbaceousVegetation
686,Industrial
687,Pasture
688,SeaLake
689,Residential
690,PermanentCrop
691,Residential
692,PermanentCrop
693,Highway
694,River
695,HerbaceousVegetation
696,HerbaceousVegetation
697,HerbaceousVegetation
698,Forest
699,PermanentCrop
700,Highway
701,Residential
702,Forest
703,SeaLake
704,AnnualCrop
705,PermanentCrop
706,SeaLake
707,HerbaceousVegetation
708,Forest
709,HerbaceousVegetation
710,AnnualCrop
711,SeaLake
712,HerbaceousVegetation
713,HerbaceousVegetation
714,PermanentCrop
715,Forest
716,SeaLake
717,Forest
718,PermanentCrop
719,Industrial
720,River
721,SeaLake
722,PermanentCrop
723,Residential
724,Residential
725,Forest
726,River
727,HerbaceousVegetation
728,Forest
729,SeaLake
730,Residential
731,River
732,Forest
733,SeaLake
734,Highway
735,Forest
736,Residential
737,Forest
738,Industrial
739,Industrial
740,Industrial
741,Residential
742,Industrial
743,AnnualCrop
744,River
745,AnnualCrop
746,SeaLake
747,Forest
748,Highway
749,HerbaceousVegetation
750,Residential
751,Industrial
752,AnnualCrop
753,Pasture
754,SeaLake
755,SeaLake
756,Highway
757,Forest
758,HerbaceousVegetation
759,Residential
760,HerbaceousVegetation
761,HerbaceousVegetation
762,AnnualCrop
763,PermanentCrop
764,Residential
765,HerbaceousVegetation
766,PermanentCrop
767,Industrial
768,Forest
769,SeaLake
770,Forest
771,River
772,Residential
773,HerbaceousVegetation
774,PermanentCrop
775,Forest
776,Industrial
777,Residential
778,SeaLake
779,Pasture
780,Highway
781,Residential
782,PermanentCrop
783,HerbaceousVegetation
784,Residential
785,PermanentCrop
786,AnnualCrop
787,SeaLake
788,PermanentCrop
789,HerbaceousVegetation
790,Highway
791,Forest
792,SeaLake
793,Forest
794,Highway
795,Industrial
796,Industrial
797,HerbaceousVegetation
798,Forest
799,HerbaceousVegetation
800,SeaLake
801,Residential
802,Industrial
803,Highway
804,Residential
805,HerbaceousVegetation
806,PermanentCrop
807,PermanentCrop
808,Pasture
809,HerbaceousVegetation
810,Forest
811,HerbaceousVegetation
812,Highway
813,River
814,River
815,Residential
816,Residential
817,River
818,Residential
819,Forest
820,SeaLake
821,Pasture
822,Forest
823,Forest
824,Forest
825,Highway
826,Forest
827,SeaLake
828,HerbaceousVegetation
829,Forest
830,HerbaceousVegetation
831,Pasture
832,AnnualCrop
833,Forest
834,River
835,Industrial
836,Industrial
837,PermanentCrop
838,HerbaceousVegetation
839,SeaLake
840,Residential
841,Residential
842,Industrial
843,Highway
844,PermanentCrop
845,River
846,Forest
847,Residential
848,SeaLake
849,HerbaceousVegetation
850,HerbaceousVegetation
851,Industrial
852,Residential
853,SeaLake
854,Forest
855,HerbaceousVegetation
856,River
857,AnnualCrop
858,AnnualCrop
859,Highway
860,Highway
861,Pasture
862,River
863,PermanentCrop
864,Residential
865,HerbaceousVegetation
866,HerbaceousVegetation
867,SeaLake
868,Forest
869,Residential
870,Forest
871,HerbaceousVegetation
872,Forest
873,AnnualCrop
874,Residential
875,SeaLake
876,Forest
877,PermanentCrop
878,SeaLake
879,PermanentCrop
880,AnnualCrop
881,Forest
882,HerbaceousVegetation
883,AnnualCrop
884,River
885,Forest
886,Industrial
887,SeaLake
888,AnnualCrop
889,Residential
890,HerbaceousVegetation
891,HerbaceousVegetation
892,HerbaceousVegetation
893,Highway
894,Industrial
895,AnnualCrop
896,SeaLake
897,AnnualCrop
898,Highway
899,AnnualCrop
900,PermanentCrop
901,Residential
902,Industrial
903,Forest
904,Residential
905,Pasture
906,River
907,PermanentCrop
908,HerbaceousVegetation
909,Highway
910,Industrial
911,AnnualCrop
912,HerbaceousVegetation
913,Highway
914,SeaLake
915,Forest
916,Highway
917,Residential
918,Pasture
919,SeaLake
920,HerbaceousVegetation
921,AnnualCrop
922,Residential
923,Highway
924,HerbaceousVegetation
925,Residential
926,Residential
927,Industrial
928,Residential
929,Industrial
930,HerbaceousVegetation
931,Pasture
932,River
933,Forest
934,Residential
935,Residential
936,River
937,AnnualCrop
938,SeaLake
939,Residential
940,Forest
941,SeaLake
942,Residential
943,Pasture
944,AnnualCrop
945,PermanentCrop
946,Forest
947,SeaLake
948,River
949,Pasture
950,Highway
951,River
952,HerbaceousVegetation
953,Forest
954,Forest
955,AnnualCrop
956,River
957,Highway
958,HerbaceousVegetation
959,Industrial
960,Industrial
961,Residential
962,Residential
963,PermanentCrop
964,SeaLake
965,Highway
966,SeaLake
967,River
968,River
969,River
970,River
971,Industrial
972,Industrial
973,Highway
974,Residential
975,SeaLake
976,River
977,Forest
978,Residential
979,AnnualCrop
980,Industrial
981,Forest
982,SeaLake
983,Forest
984,PermanentCrop
985,Pasture
986,SeaLake
987,Residential
988,HerbaceousVegetation
989,Residential
990,Industrial
991,River
992,SeaLake
993,Forest
994,SeaLake
995,Forest
996,Highway
997,River
998,Pasture
999,HerbaceousVegetation
1000,SeaLake
1001,HerbaceousVegetation
1002,Highway
1003,AnnualCrop
1004,Pasture
1005,Pasture
1006,Residential
1007,SeaLake
1008,Highway
1009,AnnualCrop
1010,PermanentCrop
1011,Residential
1012,HerbaceousVegetation
1013,Residential
1014,AnnualCrop
1015,SeaLake
1016,Highway
1017,Residential
1018,River
1019,River
1020,HerbaceousVegetation
1021,Residential
1022,Residential
1023,AnnualCrop
1024,Pasture
1025,HerbaceousVegetation
1026,Residential
1027,Industrial
1028,Forest
1029,PermanentCrop
1030,AnnualCrop
1031,SeaLake
1032,HerbaceousVegetation
1033,HerbaceousVegetation
1034,Residential
1035,AnnualCrop
1036,Residential
1037,PermanentCrop
1038,SeaLake
1039,AnnualCrop
1040,Highway
1041,AnnualCrop
1042,HerbaceousVegetation
1043,Residential
1044,Residential
1045,AnnualCrop
1046,River
1047,Forest
1048,SeaLake
1049,HerbaceousVegetation
1050,Residential
1051,HerbaceousVegetation
1052,AnnualCrop
1053,Industrial
1054,River
1055,Highway
1056,Highway
1057,HerbaceousVegetation
1058,Industrial
1059,Forest
1060,SeaLake
1061,River
1062,HerbaceousVegetation
1063,SeaLake
1064,Highway
1065,HerbaceousVegetation
1066,AnnualCrop
1067,SeaLake
1068,HerbaceousVegetation
1069,Highway
1070,Residential
1071,Residential
1072,PermanentCrop
1073,SeaLake
1074,Highway
1075,Highway
1076,Residential
1077,Highway
1078,HerbaceousVegetation
1079,Highway
1080,Pasture
1081,HerbaceousVegetation
1082,Forest
1083,SeaLake
1084,AnnualCrop
1085,Highway
1086,Forest
1087,Highway
1088,SeaLake
1089,PermanentCrop
1090,PermanentCrop
1091,AnnualCrop
1092,Residential
1093,River
1094,AnnualCrop
1095,SeaLake
1096,Residential
1097,HerbaceousVegetation
1098,Industrial
1099,Highway
1100,AnnualCrop
1101,PermanentCrop
1102,River
1103,Residential
1104,Residential
1105,AnnualCrop
1106,Forest
1107,AnnualCrop
1108,PermanentCrop
1109,PermanentCrop
1110,Highway
1111,Residential
1112,HerbaceousVegetation
1113,Industrial
1114,Residential
1115,Residential
1116,AnnualCrop
1117,Highway
1118,Residential
1119,Residential
1120,AnnualCrop
1121,SeaLake
1122,SeaLake
1123,PermanentCrop
1124,Pasture
1125,Residential
1126,River
1127,Forest
1128,Forest
1129,AnnualCrop
1130,Pasture
1131,PermanentCrop
1132,AnnualCrop
1133,Residential
1134,SeaLake
1135,AnnualCrop
1136,Industrial
1137,AnnualCrop
1138,River
1139,Forest
1140,Residential
1141,Pasture
1142,Industrial
1143,AnnualCrop
1144,River
1145,HerbaceousVegetation
1146,HerbaceousVegetation
1147,PermanentCrop
1148,River
1149,AnnualCrop
1150,SeaLake
1151,Forest
1152,Residential
1153,PermanentCrop
1154,Highway
1155,AnnualCrop
1156,Residential
1157,Residential
1158,River
1159,HerbaceousVegetation
1160,Forest
1161,Pasture
1162,Highway
1163,PermanentCrop
1164,AnnualCrop
1165,HerbaceousVegetation
1166,Pasture
1167,Residential
1168,Forest
1169,HerbaceousVegetation
1170,Residential
1171,AnnualCrop
1172,Industrial
1173,River
1174,Pasture
1175,Highway
1176,AnnualCrop
1177,SeaLake
1178,Forest
1179,Pasture
1180,AnnualCrop
1181,Forest
1182,Forest
1183,River
1184,Pasture
1185,River
1186,Pasture
1187,HerbaceousVegetation
1188,Industrial
1189,SeaLake
1190,AnnualCrop
1191,HerbaceousVegetation
1192,Industrial
1193,AnnualCrop
1194,River
1195,Pasture
1196,Forest
1197,SeaLake
1198,River
1199,AnnualCrop
1200,Residential
1201,SeaLake
1202,Industrial
1203,Forest
1204,HerbaceousVegetation
1205,PermanentCrop
1206,Forest
1207,Residential
1208,SeaLake
1209,Forest
1210,Residential
1211,Highway
1212,Forest
1213,Highway
1214,Residential
1215,Highway
1216,SeaLake
1217,Forest
1218,SeaLake
1219,Residential
1220,SeaLake
1221,SeaLake
1222,HerbaceousVegetation
1223,Forest
1224,Pasture
1225,Residential
1226,Forest
1227,River
1228,Industrial
1229,Industrial
1230,AnnualCrop
1231,PermanentCrop
1232,Pasture
1233,HerbaceousVegetation
1234,Industrial
1235,AnnualCrop
1236,Residential
1237,Forest
1238,SeaLake
1239,Industrial
1240,SeaLake
1241,Pasture
1242,PermanentCrop
1243,Residential
1244,River
1245,SeaLake
1246,HerbaceousVegetation
1247,Pasture
1248,PermanentCrop
1249,River
1250,Industrial
1251,AnnualCrop
1252,AnnualCrop
1253,SeaLake
1254,SeaLake
1255,HerbaceousVegetation
1256,Highway
1257,Industrial
1258,Industrial
1259,Pasture
1260,Residential
1261,HerbaceousVegetation
1262,Pasture
1263,Forest
1264,Residential
1265,River
1266,Residential
1267,Industrial
1268,Residential
1269,SeaLake
1270,Highway
1271,PermanentCrop
1272,River
1273,HerbaceousVegetation
1274,Highway
1275,Pasture
1276,Forest
1277,HerbaceousVegetation
1278,SeaLake
1279,Forest
1280,AnnualCrop
1281,Highway
1282,AnnualCrop
1283,Highway
1284,Forest
1285,AnnualCrop
1286,PermanentCrop
1287,AnnualCrop
1288,HerbaceousVegetation
1289,Residential
1290,River
1291,SeaLake
1292,AnnualCrop
1293,Highway
1294,Industrial
1295,Industrial
1296,HerbaceousVegetation
1297,Forest
1298,River
1299,PermanentCrop
1300,River
1301,Industrial
1302,PermanentCrop
1303,HerbaceousVegetation
1304,Residential
1305,AnnualCrop
1306,Residential
1307,Forest
1308,Residential
1309,River
1310,SeaLake
1311,River
1312,SeaLake
1313,PermanentCrop
1314,Industrial
1315,Industrial
1316,SeaLake
1317,Residential
1318,Residential
1319,Pasture
1320,SeaLake
1321,Highway
1322,Highway
1323,Highway
1324,Industrial
1325,AnnualCrop
1326,Pasture
1327,Highway
1328,AnnualCrop
1329,Highway
1330,River
1331,AnnualCrop
1332,HerbaceousVegetation
1333,River
1334,SeaLake
1335,Highway
1336,Highway
1337,Residential
1338,Highway
1339,Industrial
1340,AnnualCrop
1341,PermanentCrop
1342,Industrial
1343,HerbaceousVegetation
1344,Residential
1345,Industrial
1346,River
1347,HerbaceousVegetation
1348,AnnualCrop
1349,HerbaceousVegetation
1350,Residential
1351,Industrial
1352,AnnualCrop
1353,Residential
1354,Residential
1355,AnnualCrop
1356,Pasture
1357,PermanentCrop
1358,River
1359,Forest
1360,SeaLake
1361,HerbaceousVegetation
1362,Forest
1363,AnnualCrop
1364,River
1365,HerbaceousVegetation
1366,SeaLake
1367,Residential
1368,AnnualCrop
1369,Residential
1370,Industrial
1371,SeaLake
1372,AnnualCrop
1373,Highway
1374,Pasture
1375,AnnualCrop
1376,AnnualCrop
1377,AnnualCrop
1378,AnnualCrop
1379,SeaLake
1380,Pasture
1381,Residential
1382,Industrial
1383,AnnualCrop
1384,AnnualCrop
1385,River
1386,PermanentCrop
1387,PermanentCrop
1388,Residential
1389,AnnualCrop
1390,River
1391,Residential
1392,Highway
1393,HerbaceousVegetation
1394,Forest
1395,River
1396,River
1397,Residential
1398,Residential
1399,HerbaceousVegetation
1400,PermanentCrop
1401,HerbaceousVegetation
1402,HerbaceousVegetation
1403,Residential
1404,River
1405,Residential
1406,HerbaceousVegetation
1407,AnnualCrop
1408,Highway
1409,Forest
1410,River
1411,Forest
1412,Industrial
1413,Industrial
1414,Industrial
1415,Forest
1416,AnnualCrop
1417,SeaLake
1418,River
1419,River
1420,Highway
1421,SeaLake
1422,HerbaceousVegetation
1423,HerbaceousVegetation
1424,SeaLake
1425,SeaLake
1426,Industrial
1427,Forest
1428,Highway
1429,Residential
1430,River
1431,AnnualCrop
1432,HerbaceousVegetation
1433,Forest
1434,HerbaceousVegetation
1435,River
1436,Pasture
1437,AnnualCrop
1438,Highway
1439,Industrial
1440,Residential
1441,Pasture
1442,Forest
1443,Pasture
1444,Forest
1445,HerbaceousVegetation
1446,Residential
1447,Forest
1448,HerbaceousVegetation
1449,AnnualCrop
1450,Industrial
1451,HerbaceousVegetation
1452,HerbaceousVegetation
1453,Forest
1454,Forest
1455,AnnualCrop
1456,HerbaceousVegetation
1457,Highway
1458,Residential
1459,River
1460,PermanentCrop
1461,PermanentCrop
1462,HerbaceousVegetation
1463,Forest
1464,SeaLake
1465,Forest
1466,Pasture
1467,HerbaceousVegetation
1468,AnnualCrop
1469,HerbaceousVegetation
1470,Forest
1471,River
1472,AnnualCrop
1473,Highway
1474,Industrial
1475,Forest
1476,PermanentCrop
1477,Industrial
1478,Forest
1479,Highway
1480,PermanentCrop
1481,SeaLake
1482,Industrial
1483,SeaLake
1484,Residential
1485,SeaLake
1486,Forest
1487,Industrial
1488,HerbaceousVegetation
1489,PermanentCrop
1490,AnnualCrop
1491,HerbaceousVegetation
1492,Residential
1493,SeaLake
1494,SeaLake
1495,HerbaceousVegetation
1496,HerbaceousVegetation
1497,Highway
1498,River
1499,Residential
1500,HerbaceousVegetation
1501,AnnualCrop
1502,Highway
1503,AnnualCrop
1504,River
1505,Residential
1506,HerbaceousVegetation
1507,Residential
1508,Highway
1509,Forest
1510,Industrial
1511,SeaLake
1512,Highway
1513,Industrial
1514,AnnualCrop
1515,AnnualCrop
1516,HerbaceousVegetation
1517,SeaLake
1518,Forest
1519,HerbaceousVegetation
1520,AnnualCrop
1521,SeaLake
1522,River
1523,River
1524,Industrial
1525,Pasture
1526,Forest
1527,AnnualCrop
1528,Pasture
1529,Pasture
1530,Industrial
1531,Forest
1532,HerbaceousVegetation
1533,Forest
1534,Forest
1535,Residential
1536,AnnualCrop
1537,SeaLake
1538,AnnualCrop
1539,PermanentCrop
1540,SeaLake
1541,River
1542,Pasture
1543,AnnualCrop
1544,SeaLake
1545,Residential
1546,PermanentCrop
1547,AnnualCrop
1548,Forest
1549,Industrial
1550,Forest
1551,AnnualCrop
1552,Pasture
1553,PermanentCrop
1554,Pasture
1555,Forest
1556,SeaLake
1557,Forest
1558,Highway
1559,River
1560,HerbaceousVegetation
1561,Industrial
1562,Residential
1563,SeaLake
1564,Residential
1565,Residential
1566,AnnualCrop
1567,SeaLake
1568,Highway
1569,SeaLake
1570,PermanentCrop
1571,Residential
1572,AnnualCrop
1573,HerbaceousVegetation
1574,Forest
1575,PermanentCrop
1576,Residential
1577,Residential
1578,SeaLake
1579,AnnualCrop
1580,SeaLake
1581,Residential
1582,AnnualCrop
1583,AnnualCrop
1584,River
1585,Residential
1586,HerbaceousVegetation
1587,Forest
1588,PermanentCrop
1589,Pasture
1590,Industrial
1591,SeaLake
1592,PermanentCrop
1593,Residential
1594,PermanentCrop
1595,Forest
1596,Pasture
1597,AnnualCrop
1598,River
1599,Highway
1600,Forest
1601,Highway
1602,Residential
1603,HerbaceousVegetation
1604,AnnualCrop
1605,PermanentCrop
1606,Industrial
1607,PermanentCrop
1608,SeaLake
1609,Forest
1610,SeaLake
1611,HerbaceousVegetation
1612,Highway
1613,SeaLake
1614,River
1615,Residential
1616,HerbaceousVegetation
1617,SeaLake
1618,SeaLake
1619,Residential
1620,AnnualCrop
1621,Highway
1622,SeaLake
1623,River
1624,SeaLake
1625,Residential
1626,HerbaceousVegetation
1627,SeaLake
1628,HerbaceousVegetation
1629,HerbaceousVegetation
1630,AnnualCrop
1631,SeaLake
1632,AnnualCrop
1633,HerbaceousVegetation
1634,HerbaceousVegetation
1635,Forest
1636,PermanentCrop
1637,HerbaceousVegetation
1638,AnnualCrop
1639,Residential
1640,Forest
1641,River
1642,AnnualCrop
1643,Industrial
1644,HerbaceousVegetation
1645,AnnualCrop
1646,PermanentCrop
1647,HerbaceousVegetation
1648,PermanentCrop
1649,Forest
1650,HerbaceousVegetation
1651,HerbaceousVegetation
1652,AnnualCrop
1653,PermanentCrop
1654,Residential
1655,Pasture
1656,Pasture
1657,Industrial
1658,Residential
1659,Pasture
1660,Pasture
1661,Industrial
1662,Highway
1663,Pasture
1664,Forest
1665,Residential
1666,Industrial
1667,Residential
1668,Highway
1669,Highway
1670,SeaLake
1671,HerbaceousVegetation
1672,PermanentCrop
1673,SeaLake
1674,PermanentCrop
1675,PermanentCrop
1676,HerbaceousVegetation
1677,Forest
1678,Residential
1679,Residential
1680,PermanentCrop
1681,Forest
1682,Highway
1683,AnnualCrop
1684,HerbaceousVegetation
1685,SeaLake
1686,River
1687,AnnualCrop
1688,PermanentCrop
1689,AnnualCrop
1690,River
1691,SeaLake
1692,Industrial
1693,Highway
1694,SeaLake
1695,Forest
1696,PermanentCrop
1697,HerbaceousVegetation
1698,Forest
1699,Forest
1700,SeaLake
1701,PermanentCrop
1702,Pasture
1703,Residential
1704,Pasture
1705,River
1706,HerbaceousVegetation
1707,HerbaceousVegetation
1708,Industrial
1709,SeaLake
1710,River
1711,HerbaceousVegetation
1712,SeaLake
1713,Forest
1714,Residential
1715,AnnualCrop
1716,AnnualCrop
1717,Forest
1718,River
1719,Residential
1720,AnnualCrop
1721,Forest
1722,HerbaceousVegetation
1723,HerbaceousVegetation
1724,SeaLake
1725,Forest
1726,Highway
1727,SeaLake
1728,PermanentCrop
1729,Highway
1730,Residential
1731,Industrial
1732,PermanentCrop
1733,Forest
1734,PermanentCrop
1735,PermanentCrop
1736,Highway
1737,River
1738,Forest
1739,Pasture
1740,River
1741,Highway
1742,SeaLake
1743,AnnualCrop
1744,SeaLake
1745,HerbaceousVegetation
1746,Residential
1747,Industrial
1748,AnnualCrop
1749,Residential
1750,HerbaceousVegetation
1751,AnnualCrop
1752,AnnualCrop
1753,Industrial
1754,AnnualCrop
1755,AnnualCrop
1756,Forest
1757,Forest
1758,Residential
1759,Highway
1760,HerbaceousVegetation
1761,Highway
1762,Residential
1763,PermanentCrop
1764,River
1765,HerbaceousVegetation
1766,PermanentCrop
1767,AnnualCrop
1768,PermanentCrop
1769,Forest
1770,AnnualCrop
1771,River
1772,Pasture
1773,SeaLake
1774,AnnualCrop
1775,Pasture
1776,Pasture
1777,Forest
1778,SeaLake
1779,Residential
1780,AnnualCrop
1781,Residential
1782,HerbaceousVegetation
1783,River
1784,Industrial
1785,HerbaceousVegetation
1786,Highway
1787,AnnualCrop
1788,SeaLake
1789,PermanentCrop
1790,Pasture
1791,Pasture
1792,SeaLake
1793,Forest
1794,Residential
1795,HerbaceousVegetation
1796,Industrial
1797,SeaLake
1798,Industrial
1799,SeaLake
1800,AnnualCrop
1801,River
1802,Highway
1803,Forest
1804,Highway
1805,HerbaceousVegetation
1806,PermanentCrop
1807,Residential
1808,HerbaceousVegetation
1809,River
1810,Industrial
1811,PermanentCrop
1812,River
1813,Industrial
1814,River
1815,Highway
1816,HerbaceousVegetation
1817,Pasture
1818,HerbaceousVegetation
1819,SeaLake
1820,Industrial
1821,Highway
1822,HerbaceousVegetation
1823,AnnualCrop
1824,River
1825,AnnualCrop
1826,Forest
1827,SeaLake
1828,HerbaceousVegetation
1829,Industrial
1830,SeaLake
1831,PermanentCrop
1832,Forest
1833,Residential
1834,SeaLake
1835,AnnualCrop
1836,Forest
1837,Forest
1838,SeaLake
1839,PermanentCrop
1840,Residential
1841,HerbaceousVegetation
1842,HerbaceousVegetation
1843,Forest
1844,PermanentCrop
1845,Industrial
1846,HerbaceousVegetation
1847,SeaLake
1848,AnnualCrop
1849,HerbaceousVegetation
1850,PermanentCrop
1851,SeaLake
1852,Industrial
1853,SeaLake
1854,HerbaceousVegetation
1855,Forest
1856,HerbaceousVegetation
1857,River
1858,HerbaceousVegetation
1859,Highway
1860,Highway
1861,Industrial
1862,Industrial
1863,PermanentCrop
1864,Highway
1865,Pasture
1866,River
1867,HerbaceousVegetation
1868,HerbaceousVegetation
1869,HerbaceousVegetation
1870,AnnualCrop
1871,SeaLake
1872,PermanentCrop
1873,PermanentCrop
1874,HerbaceousVegetation
1875,Forest
1876,PermanentCrop
1877,SeaLake
1878,SeaLake
1879,AnnualCrop
1880,HerbaceousVegetation
1881,Forest
1882,SeaLake
1883,HerbaceousVegetation
1884,AnnualCrop
1885,Forest
1886,HerbaceousVegetation
1887,HerbaceousVegetation
1888,Pasture
1889,Residential
1890,HerbaceousVegetation
1891,SeaLake
1892,SeaLake
1893,AnnualCrop
1894,SeaLake
1895,HerbaceousVegetation
1896,Residential
1897,Highway
1898,SeaLake
1899,Forest
1900,AnnualCrop
1901,PermanentCrop
1902,Industrial
1903,HerbaceousVegetation
1904,Forest
1905,SeaLake
1906,SeaLake
1907,Industrial
1908,Forest
1909,Residential
1910,Pasture
1911,Highway
1912,Forest
1913,PermanentCrop
1914,Forest
1915,River
1916,PermanentCrop
1917,AnnualCrop
1918,Pasture
1919,River
1920,River
1921,HerbaceousVegetation
1922,Highway
1923,SeaLake
1924,HerbaceousVegetation
1925,Forest
1926,SeaLake
1927,Residential
1928,Industrial
1929,Pasture
1930,SeaLake
1931,Highway
1932,AnnualCrop
1933,Forest
1934,Forest
1935,SeaLake
1936,AnnualCrop
1937,Pasture
1938,SeaLake
1939,Pasture
1940,HerbaceousVegetation
1941,Industrial
1942,Residential
1943,SeaLake
1944,Forest
1945,Highway
1946,Industrial
1947,HerbaceousVegetation
1948,SeaLake
1949,Highway
1950,Residential
1951,AnnualCrop
1952,PermanentCrop
1953,HerbaceousVegetation
1954,PermanentCrop
1955,Forest
1956,Residential
1957,HerbaceousVegetation
1958,SeaLake
1959,Residential
1960,PermanentCrop
1961,PermanentCrop
1962,AnnualCrop
1963,Residential
1964,Industrial
1965,Forest
1966,HerbaceousVegetation
1967,Industrial
1968,River
1969,Highway
1970,Industrial
1971,Forest
1972,AnnualCrop
1973,SeaLake
1974,Residential
1975,Pasture
1976,PermanentCrop
1977,AnnualCrop
1978,Pasture
1979,Industrial
1980,HerbaceousVegetation
1981,Residential
1982,SeaLake
1983,Forest
1984,SeaLake
1985,Highway
1986,HerbaceousVegetation
1987,Highway
1988,SeaLake
1989,Forest
1990,SeaLake
1991,Residential
1992,AnnualCrop
1993,Residential
1994,Residential
1995,River
1996,SeaLake
1997,AnnualCrop
1998,SeaLake
1999,Residential
2000,AnnualCrop
2001,AnnualCrop
2002,SeaLake
2003,Forest
2004,AnnualCrop
2005,Highway
2006,HerbaceousVegetation
2007,PermanentCrop
2008,Industrial
2009,Highway
2010,Forest
2011,River
2012,Highway
2013,AnnualCrop
2014,River
2015,River
2016,River
2017,Forest
2018,HerbaceousVegetation
2019,HerbaceousVegetation
2020,River
2021,PermanentCrop
2022,HerbaceousVegetation
2023,AnnualCrop
2024,AnnualCrop
2025,Highway
2026,SeaLake
2027,AnnualCrop
2028,PermanentCrop
2029,Pasture
2030,Highway
2031,Forest
2032,SeaLake
2033,Highway
2034,Highway
2035,Industrial
2036,Residential
2037,HerbaceousVegetation
2038,SeaLake
2039,SeaLake
2040,Residential
2041,SeaLake
2042,Forest
2043,HerbaceousVegetation
2044,Forest
2045,Residential
2046,River
2047,Pasture
2048,SeaLake
2049,HerbaceousVegetation
2050,AnnualCrop
2051,Pasture
2052,HerbaceousVegetation
2053,AnnualCrop
2054,HerbaceousVegetation
2055,Pasture
2056,River
2057,River
2058,HerbaceousVegetation
2059,Forest
2060,Residential
2061,Highway
2062,Residential
2063,SeaLake
2064,Highway
2065,SeaLake
2066,River
2067,AnnualCrop
2068,Highway
2069,Forest
2070,Pasture
2071,Residential
2072,Highway
2073,PermanentCrop
2074,Industrial
2075,Forest
2076,River
2077,AnnualCrop
2078,PermanentCrop
2079,Residential
2080,Highway
2081,Highway
2082,Pasture
2083,Pasture
2084,River
2085,Industrial
2086,River
2087,SeaLake
2088,Residential
2089,PermanentCrop
2090,Pasture
2091,AnnualCrop
2092,AnnualCrop
2093,Industrial
2094,SeaLake
2095,SeaLake
2096,Industrial
2097,HerbaceousVegetation
2098,HerbaceousVegetation
2099,Pasture
2100,Industrial
2101,Pasture
2102,SeaLake
2103,Industrial
2104,Residential
2105,PermanentCrop
2106,Forest
2107,Highway
2108,Residential
2109,Industrial
2110,Residential
2111,Industrial
2112,Industrial
2113,PermanentCrop
2114,SeaLake
2115,PermanentCrop
2116,Residential
2117,HerbaceousVegetation
2118,Highway
2119,AnnualCrop
2120,River
2121,River
2122,Residential
2123,Highway
2124,AnnualCrop
2125,River
2126,Forest
2127,PermanentCrop
2128,Industrial
2129,Forest
2130,Industrial
2131,Highway
2132,Residential
2133,River
2134,Industrial
2135,Industrial
2136,Highway
2137,HerbaceousVegetation
2138,HerbaceousVegetation
2139,Residential
2140,HerbaceousVegetation
2141,Industrial
2142,Residential
2143,HerbaceousVegetation
2144,Forest
2145,Pasture
2146,Forest
2147,HerbaceousVegetation
2148,Pasture
2149,Pasture
2150,AnnualCrop
2151,PermanentCrop
2152,River
2153,Residential
2154,Industrial
2155,Highway
2156,River
2157,Residential
2158,Forest
2159,HerbaceousVegetation
2160,PermanentCrop
2161,AnnualCrop
2162,HerbaceousVegetation
2163,HerbaceousVegetation
2164,Residential
2165,Industrial
2166,HerbaceousVegetation
2167,Forest
2168,HerbaceousVegetation
2169,Residential
2170,HerbaceousVegetation
2171,HerbaceousVegetation
2172,HerbaceousVegetation
2173,Highway
2174,HerbaceousVegetation
2175,AnnualCrop
2176,SeaLake
2177,Forest
2178,Forest
2179,Highway
2180,Highway
2181,Residential
2182,SeaLake
2183,River
2184,Pasture
2185,AnnualCrop
2186,SeaLake
2187,SeaLake
2188,AnnualCrop
2189,Industrial
2190,Highway
2191,PermanentCrop
2192,Industrial
2193,Industrial
2194,AnnualCrop
2195,Forest
2196,Highway
2197,Residential
2198,Residential
2199,PermanentCrop
2200,HerbaceousVegetation
2201,Forest
2202,SeaLake
2203,HerbaceousVegetation
2204,PermanentCrop
2205,HerbaceousVegetation
2206,AnnualCrop
2207,Pasture
2208,Residential
2209,HerbaceousVegetation
2210,Industrial
2211,Residential
2212,Highway
2213,SeaLake
2214,HerbaceousVegetation
2215,Forest
2216,SeaLake
2217,HerbaceousVegetation
2218,HerbaceousVegetation
2219,Forest
2220,SeaLake
2221,SeaLake
2222,Industrial
2223,River
2224,PermanentCrop
2225,AnnualCrop
2226,Industrial
2227,Highway
2228,AnnualCrop
2229,Industrial
2230,PermanentCrop
2231,SeaLake
2232,AnnualCrop
2233,AnnualCrop
2234,Highway
2235,Forest
2236,River
2237,Highway
2238,Forest
2239,SeaLake
2240,Industrial
2241,HerbaceousVegetation
2242,HerbaceousVegetation
2243,Highway
2244,SeaLake
2245,Pasture
2246,Forest
2247,Highway
2248,PermanentCrop
2249,SeaLake
2250,Highway
2251,HerbaceousVegetation
2252,Highway
2253,HerbaceousVegetation
2254,Industrial
2255,AnnualCrop
2256,SeaLake
2257,SeaLake
2258,Pasture
2259,Forest
2260,River
2261,Highway
2262,AnnualCrop
2263,AnnualCrop
2264,HerbaceousVegetation
2265,River
2266,PermanentCrop
2267,SeaLake
2268,Highway
2269,Pasture
2270,PermanentCrop
2271,River
2272,Highway
2273,HerbaceousVegetation
2274,SeaLake
2275,Highway
2276,Forest
2277,Pasture
2278,Industrial
2279,Pasture
2280,Highway
2281,Industrial
2282,SeaLake
2283,River
2284,Highway
2285,AnnualCrop
2286,PermanentCrop
2287,Highway
2288,SeaLake
2289,HerbaceousVegetation
2290,SeaLake
2291,SeaLake
2292,HerbaceousVegetation
2293,PermanentCrop
2294,Highway
2295,Forest
2296,HerbaceousVegetation
2297,PermanentCrop
2298,Highway
2299,SeaLake
2300,Highway
2301,HerbaceousVegetation
2302,River
2303,Industrial
2304,SeaLake
2305,SeaLake
2306,Highway
2307,Residential
2308,Pasture
2309,Pasture
2310,Industrial
2311,Residential
2312,Pasture
2313,Forest
2314,HerbaceousVegetation
2315,Forest
2316,AnnualCrop
2317,HerbaceousVegetation
2318,Residential
2319,Forest
2320,Highway
2321,River
2322,Forest
2323,Industrial
2324,SeaLake
2325,Pasture
2326,AnnualCrop
2327,Residential
2328,PermanentCrop
2329,Pasture
2330,Highway
2331,SeaLake
2332,River
2333,River
2334,Highway
2335,Residential
2336,HerbaceousVegetation
2337,AnnualCrop
2338,River
2339,Industrial
2340,AnnualCrop
2341,Residential
2342,Residential
2343,SeaLake
2344,Industrial
2345,Residential
2346,HerbaceousVegetation
2347,HerbaceousVegetation
2348,Residential
2349,Forest
2350,AnnualCrop
2351,Industrial
2352,Pasture
2353,AnnualCrop
2354,SeaLake
2355,Highway
2356,Residential
2357,Forest
2358,Highway
2359,HerbaceousVegetation
2360,River
2361,PermanentCrop
2362,River
2363,SeaLake
2364,Forest
2365,Forest
2366,SeaLake
2367,Industrial
2368,PermanentCrop
2369,HerbaceousVegetation
2370,Residential
2371,Residential
2372,Residential
2373,SeaLake
2374,HerbaceousVegetation
2375,AnnualCrop
2376,HerbaceousVegetation
2377,Industrial
2378,Forest
2379,River
2380,Highway
2381,Highway
2382,AnnualCrop
2383,PermanentCrop
2384,AnnualCrop
2385,Residential
2386,Industrial
2387,AnnualCrop
2388,Industrial
2389,HerbaceousVegetation
2390,Forest
2391,SeaLake
2392,River
2393,SeaLake
2394,PermanentCrop
2395,PermanentCrop
2396,HerbaceousVegetation
2397,SeaLake
2398,Pasture
2399,Highway
2400,SeaLake
2401,Residential
2402,PermanentCrop
2403,Residential
2404,River
2405,PermanentCrop
2406,Industrial
2407,Pasture
2408,Forest
2409,SeaLake
2410,Residential
2411,Industrial
2412,HerbaceousVegetation
2413,SeaLake
2414,Forest
2415,Forest
2416,SeaLake
2417,River
2418,Industrial
2419,Pasture
2420,Forest
2421,Highway
2422,HerbaceousVegetation
2423,Pasture
2424,AnnualCrop
2425,Highway
2426,HerbaceousVegetation
2427,PermanentCrop
2428,SeaLake
2429,SeaLake
2430,Pasture
2431,Residential
2432,AnnualCrop
2433,AnnualCrop
2434,HerbaceousVegetation
2435,Pasture
2436,Forest
2437,Residential
2438,AnnualCrop
2439,Forest
2440,SeaLake
2441,SeaLake
2442,River
2443,Forest
2444,River
2445,Highway
2446,Industrial
2447,SeaLake
2448,SeaLake
2449,AnnualCrop
2450,HerbaceousVegetation
2451,Pasture
2452,PermanentCrop
2453,HerbaceousVegetation
2454,Forest
2455,Residential
2456,SeaLake
2457,Forest
2458,Forest
2459,Forest
2460,AnnualCrop
2461,SeaLake
2462,Highway
2463,Pasture
2464,Pasture
2465,River
2466,Industrial
2467,Highway
2468,Residential
2469,River
2470,Pasture
2471,SeaLake
2472,PermanentCrop
2473,AnnualCrop
2474,Highway
2475,AnnualCrop
2476,Pasture
2477,River
2478,AnnualCrop
2479,Forest
2480,AnnualCrop
2481,HerbaceousVegetation
2482,AnnualCrop
2483,Residential
2484,Industrial
2485,Forest
2486,HerbaceousVegetation
2487,Highway
2488,Forest
2489,Pasture
2490,Highway
2491,SeaLake
2492,Residential
2493,Forest
2494,HerbaceousVegetation
2495,Industrial
2496,Pasture
2497,HerbaceousVegetation
2498,HerbaceousVegetation
2499,Residential
2500,Residential
2501,River
2502,PermanentCrop
2503,Highway
2504,River
2505,HerbaceousVegetation
2506,AnnualCrop
2507,Residential
2508,AnnualCrop
2509,SeaLake
2510,SeaLake
2511,Forest
2512,Industrial
2513,HerbaceousVegetation
2514,Residential
2515,River
2516,Forest
2517,HerbaceousVegetation
2518,Pasture
2519,River
2520,Highway
2521,PermanentCrop
2522,PermanentCrop
2523,Highway
2524,AnnualCrop
2525,AnnualCrop
2526,Highway
2527,AnnualCrop
2528,Industrial
2529,Highway
2530,Forest
2531,Industrial
2532,Highway
2533,Highway
2534,Pasture
2535,Highway
2536,Residential
2537,Highway
2538,Pasture
2539,River
2540,Highway
2541,SeaLake
2542,SeaLake
2543,Forest
2544,Highway
2545,SeaLake
2546,Industrial
2547,River
2548,PermanentCrop
2549,Forest
2550,PermanentCrop
2551,AnnualCrop
2552,Industrial
2553,HerbaceousVegetation
2554,HerbaceousVegetation
2555,Residential
2556,Highway
2557,Pasture
2558,SeaLake
2559,Industrial
2560,HerbaceousVegetation
2561,Industrial
2562,HerbaceousVegetation
2563,Highway
2564,Pasture
2565,HerbaceousVegetation
2566,HerbaceousVegetation
2567,Industrial
2568,Forest
2569,Forest
2570,Forest
2571,Residential
2572,Residential
2573,PermanentCrop
2574,HerbaceousVegetation
2575,AnnualCrop
2576,River
2577,Pasture
2578,PermanentCrop
2579,Industrial
2580,SeaLake
2581,Industrial
2582,River
2583,HerbaceousVegetation
2584,HerbaceousVegetation
2585,River
2586,Industrial
2587,SeaLake
2588,HerbaceousVegetation
2589,PermanentCrop
2590,AnnualCrop
2591,Forest
2592,Forest
2593,Highway
2594,PermanentCrop
2595,Forest
2596,River
2597,Industrial
2598,SeaLake
2599,Forest
2600,Highway
2601,River
2602,Residential
2603,Forest
2604,Industrial
2605,Highway
2606,Highway
2607,Pasture
2608,AnnualCrop
2609,AnnualCrop
2610,Highway
2611,HerbaceousVegetation
2612,HerbaceousVegetation
2613,HerbaceousVegetation
2614,River
2615,Residential
2616,SeaLake
2617,Industrial
2618,HerbaceousVegetation
2619,SeaLake
2620,Highway
2621,HerbaceousVegetation
2622,Residential
2623,HerbaceousVegetation
2624,PermanentCrop
2625,River
2626,SeaLake
2627,PermanentCrop
2628,SeaLake
2629,HerbaceousVegetation
2630,HerbaceousVegetation
2631,SeaLake
2632,Forest
2633,Highway
2634,SeaLake
2635,PermanentCrop
2636,PermanentCrop
2637,SeaLake
2638,PermanentCrop
2639,SeaLake
2640,PermanentCrop
2641,Pasture
2642,River
2643,HerbaceousVegetation
2644,HerbaceousVegetation
2645,Residential
2646,Industrial
2647,River
2648,PermanentCrop
2649,HerbaceousVegetation
2650,Forest
2651,SeaLake
2652,Forest
2653,Forest
2654,River
2655,PermanentCrop
2656,Forest
2657,Residential
2658,SeaLake
2659,SeaLake
2660,Pasture
2661,Highway
2662,Industrial
2663,Residential
2664,River
2665,Residential
2666,HerbaceousVegetation
2667,Forest
2668,Forest
2669,SeaLake
2670,AnnualCrop
2671,SeaLake
2672,Industrial
2673,Residential
2674,HerbaceousVegetation
2675,PermanentCrop
2676,PermanentCrop
2677,Residential
2678,SeaLake
2679,HerbaceousVegetation
2680,River
2681,Residential
2682,SeaLake
2683,Industrial
2684,AnnualCrop
2685,Forest
2686,SeaLake
2687,HerbaceousVegetation
2688,Forest
2689,Pasture
2690,PermanentCrop
2691,Forest
2692,AnnualCrop
2693,River
2694,Highway
2695,River
2696,Highway
2697,Forest
2698,River
2699,AnnualCrop
2700,River
2701,HerbaceousVegetation
2702,River
2703,HerbaceousVegetation
2704,Forest
2705,AnnualCrop
2706,PermanentCrop
2707,Forest
2708,SeaLake
2709,HerbaceousVegetation
2710,Residential
2711,AnnualCrop
2712,HerbaceousVegetation
2713,Highway
2714,HerbaceousVegetation
2715,Pasture
2716,HerbaceousVegetation
2717,River
2718,Residential
2719,Highway
2720,Highway
2721,SeaLake
2722,PermanentCrop
2723,AnnualCrop
2724,River
2725,PermanentCrop
2726,Forest
2727,PermanentCrop
2728,Industrial
2729,HerbaceousVegetation
2730,PermanentCrop
2731,Forest
2732,Highway
2733,Forest
2734,AnnualCrop
2735,Forest
2736,River
2737,Highway
2738,Forest
2739,AnnualCrop
2740,River
2741,SeaLake
2742,Forest
2743,Highway
2744,Highway
2745,SeaLake
2746,PermanentCrop
2747,PermanentCrop
2748,River
2749,River
2750,PermanentCrop
2751,HerbaceousVegetation
2752,AnnualCrop
2753,Industrial
2754,Industrial
2755,SeaLake
2756,Residential
2757,Forest
2758,HerbaceousVegetation
2759,Industrial
2760,AnnualCrop
2761,Forest
2762,Forest
2763,Industrial
2764,Industrial
2765,SeaLake
2766,HerbaceousVegetation
2767,SeaLake
2768,SeaLake
2769,HerbaceousVegetation
2770,Forest
2771,Highway
2772,SeaLake
2773,AnnualCrop
2774,AnnualCrop
2775,PermanentCrop
2776,Highway
2777,Highway
2778,Industrial
2779,Residential
2780,Pasture
2781,Forest
2782,SeaLake
2783,Highway
2784,Residential
2785,Highway
2786,Residential
2787,Forest
2788,AnnualCrop
2789,PermanentCrop
2790,Residential
2791,Pasture
2792,River
2793,Residential
2794,Industrial
2795,Residential
2796,River
2797,AnnualCrop
2798,Forest
2799,SeaLake
2800,River
2801,AnnualCrop
2802,SeaLake
2803,AnnualCrop
2804,Pasture
2805,Industrial
2806,PermanentCrop
2807,Residential
2808,AnnualCrop
2809,Residential
2810,Residential
2811,Forest
2812,Industrial
2813,Pasture
2814,Industrial
2815,PermanentCrop
2816,SeaLake
2817,Industrial
2818,Highway
2819,River
2820,Forest
2821,SeaLake
2822,Highway
2823,SeaLake
2824,PermanentCrop
2825,PermanentCrop
2826,AnnualCrop
2827,Residential
2828,PermanentCrop
2829,Industrial
2830,Forest
2831,PermanentCrop
2832,Industrial
2833,Forest
2834,Residential
2835,Industrial
2836,HerbaceousVegetation
2837,PermanentCrop
2838,HerbaceousVegetation
2839,SeaLake
2840,River
2841,PermanentCrop
2842,Forest
2843,Highway
2844,PermanentCrop
2845,AnnualCrop
2846,HerbaceousVegetation
2847,Industrial
2848,AnnualCrop
2849,Industrial
2850,Highway
2851,Industrial
2852,Industrial
2853,Forest
2854,AnnualCrop
2855,SeaLake
2856,Highway
2857,Forest
2858,Highway
2859,HerbaceousVegetation
2860,AnnualCrop
2861,Pasture
2862,SeaLake
2863,Highway
2864,HerbaceousVegetation
2865,Residential
2866,Forest
2867,AnnualCrop
2868,Residential
2869,PermanentCrop
2870,Residential
2871,Residential
2872,Highway
2873,AnnualCrop
2874,PermanentCrop
2875,Forest
2876,AnnualCrop
2877,PermanentCrop
2878,Residential
2879,SeaLake
2880,Highway
2881,Industrial
2882,Forest
2883,Forest
2884,Pasture
2885,River
2886,Forest
2887,Forest
2888,SeaLake
2889,Highway
2890,River
2891,River
2892,Industrial
2893,Forest
2894,Residential
2895,River
2896,Pasture
2897,Residential
2898,Industrial
2899,Residential
2900,Industrial
2901,PermanentCrop
2902,Residential
2903,Highway
2904,Highway
2905,HerbaceousVegetation
2906,Industrial
2907,AnnualCrop
2908,Forest
2909,Forest
2910,Residential
2911,HerbaceousVegetation
2912,AnnualCrop
2913,Residential
2914,Forest
2915,AnnualCrop
2916,AnnualCrop
2917,PermanentCrop
2918,HerbaceousVegetation
2919,PermanentCrop
2920,Forest
2921,Highway
2922,Residential
2923,Residential
2924,SeaLake
2925,Forest
2926,Pasture
2927,Pasture
2928,Industrial
2929,HerbaceousVegetation
2930,Highway
2931,River
2932,Industrial
2933,Industrial
2934,SeaLake
2935,AnnualCrop
2936,River
2937,Highway
2938,Highway
2939,Highway
2940,River
2941,SeaLake
2942,AnnualCrop
2943,River
2944,Industrial
2945,AnnualCrop
2946,SeaLake
2947,HerbaceousVegetation
2948,AnnualCrop
2949,AnnualCrop
2950,Residential
2951,River
2952,Residential
2953,SeaLake
2954,SeaLake
2955,SeaLake
2956,AnnualCrop
2957,River
2958,Highway
2959,SeaLake
2960,Residential
2961,SeaLake
2962,Residential
2963,PermanentCrop
2964,SeaLake
2965,HerbaceousVegetation
2966,River
2967,Pasture
2968,Forest
2969,Industrial
2970,SeaLake
2971,HerbaceousVegetation
2972,SeaLake
2973,PermanentCrop
2974,Industrial
2975,SeaLake
2976,Highway
2977,SeaLake
2978,SeaLake
2979,PermanentCrop
2980,AnnualCrop
2981,Industrial
2982,SeaLake
2983,Highway
2984,PermanentCrop
2985,Residential
2986,HerbaceousVegetation
2987,River
2988,SeaLake
2989,Forest
2990,River
2991,Highway
2992,Forest
2993,Forest
2994,River
2995,Industrial
2996,AnnualCrop
2997,AnnualCrop
2998,River
2999,Highway
3000,Forest
3001,AnnualCrop
3002,AnnualCrop
3003,Forest
3004,PermanentCrop
3005,Highway
3006,AnnualCrop
3007,Forest
3008,Residential
3009,River
3010,Forest
3011,HerbaceousVegetation
3012,Residential
3013,Residential
3014,Highway
3015,Residential
3016,HerbaceousVegetation
3017,River
3018,PermanentCrop
3019,HerbaceousVegetation
3020,HerbaceousVegetation
3021,Residential
3022,HerbaceousVegetation
3023,AnnualCrop
3024,HerbaceousVegetation
3025,Industrial
3026,HerbaceousVegetation
3027,Residential
3028,AnnualCrop
3029,Industrial
3030,AnnualCrop
3031,PermanentCrop
3032,SeaLake
3033,HerbaceousVegetation
3034,Highway
3035,Residential
3036,Industrial
3037,Residential
3038,SeaLake
3039,Highway
3040,River
3041,Highway
3042,Residential
3043,Industrial
3044,Residential
3045,HerbaceousVegetation
3046,Highway
3047,AnnualCrop
3048,Highway
3049,Highway
3050,Forest
3051,Residential
3052,Forest
3053,AnnualCrop
3054,SeaLake
3055,SeaLake
3056,River
3057,AnnualCrop
3058,Highway
3059,Industrial
3060,PermanentCrop
3061,HerbaceousVegetation
3062,Forest
3063,Highway
3064,Industrial
3065,Residential
3066,Pasture
3067,SeaLake
3068,Forest
3069,SeaLake
3070,Forest
3071,AnnualCrop
3072,Residential
3073,Industrial
3074,Industrial
3075,River
3076,Forest
3077,AnnualCrop
3078,PermanentCrop
3079,Forest
3080,Residential
3081,Residential
3082,Highway
3083,Forest
3084,HerbaceousVegetation
3085,Forest
3086,River
3087,Residential
3088,AnnualCrop
3089,River
3090,Residential
3091,Industrial
3092,Pasture
3093,Industrial
3094,SeaLake
3095,Forest
3096,PermanentCrop
3097,HerbaceousVegetation
3098,Residential
3099,Highway
3100,SeaLake
3101,River
3102,AnnualCrop
3103,AnnualCrop
3104,SeaLake
3105,Industrial
3106,PermanentCrop
3107,AnnualCrop
3108,Forest
3109,AnnualCrop
3110,PermanentCrop
3111,HerbaceousVegetation
3112,Residential
3113,AnnualCrop
3114,Pasture
3115,Residential
3116,PermanentCrop
3117,Highway
3118,Forest
3119,AnnualCrop
3120,Forest
3121,Residential
3122,Industrial
3123,HerbaceousVegetation
3124,Forest
3125,River
3126,SeaLake
3127,AnnualCrop
3128,PermanentCrop
3129,Residential
3130,PermanentCrop
3131,Highway
3132,Industrial
3133,HerbaceousVegetation
3134,PermanentCrop
3135,Industrial
3136,AnnualCrop
3137,PermanentCrop
3138,Forest
3139,Residential
3140,Highway
3141,PermanentCrop
3142,Industrial
3143,Forest
3144,AnnualCrop
3145,River
3146,Industrial
3147,Highway
3148,Highway
3149,Forest
3150,Highway
3151,Industrial
3152,Forest
3153,AnnualCrop
3154,Forest
3155,Residential
3156,River
3157,Forest
3158,AnnualCrop
3159,Residential
3160,HerbaceousVegetation
3161,SeaLake
3162,SeaLake
3163,Pasture
3164,HerbaceousVegetation
3165,Residential
3166,Industrial
3167,AnnualCrop
3168,Highway
3169,SeaLake
3170,Pasture
3171,Residential
3172,Pasture
3173,Highway
3174,PermanentCrop
3175,SeaLake
3176,Forest
3177,Forest
3178,Residential
3179,PermanentCrop
3180,Residential
3181,River
3182,River
3183,Highway
3184,SeaLake
3185,River
3186,SeaLake
3187,Forest
3188,PermanentCrop
3189,Industrial
3190,River
3191,Industrial
3192,HerbaceousVegetation
3193,River
3194,Forest
3195,AnnualCrop
3196,Industrial
3197,Residential
3198,PermanentCrop
3199,SeaLake
3200,Industrial
3201,PermanentCrop
3202,Forest
3203,Forest
3204,Residential
3205,Residential
3206,Forest
3207,Forest
3208,Highway
3209,AnnualCrop
3210,HerbaceousVegetation
3211,PermanentCrop
3212,Forest
3213,AnnualCrop
3214,Forest
3215,Forest
3216,SeaLake
3217,Industrial
3218,Pasture
3219,Highway
3220,SeaLake
3221,PermanentCrop
3222,Residential
3223,Residential
3224,Forest
3225,PermanentCrop
3226,Highway
3227,HerbaceousVegetation
3228,Residential
3229,Industrial
3230,AnnualCrop
3231,HerbaceousVegetation
3232,HerbaceousVegetation
3233,Forest
3234,Highway
3235,Pasture
3236,AnnualCrop
3237,AnnualCrop
3238,Pasture
3239,AnnualCrop
3240,SeaLake
3241,PermanentCrop
3242,River
3243,Residential
3244,AnnualCrop
3245,SeaLake
3246,River
3247,Residential
3248,AnnualCrop
3249,Highway
3250,SeaLake
3251,HerbaceousVegetation
3252,HerbaceousVegetation
3253,AnnualCrop
3254,AnnualCrop
3255,Highway
3256,Forest
3257,HerbaceousVegetation
3258,Forest
3259,Highway
3260,Industrial
3261,Industrial
3262,Forest
3263,Residential
3264,Residential
3265,Forest
3266,Forest
3267,SeaLake
3268,Residential
3269,HerbaceousVegetation
3270,Residential
3271,Industrial
3272,Residential
3273,PermanentCrop
3274,Highway
3275,Residential
3276,Highway
3277,Forest
3278,HerbaceousVegetation
3279,SeaLake
3280,PermanentCrop
3281,HerbaceousVegetation
3282,PermanentCrop
3283,Highway
3284,River
3285,Industrial
3286,AnnualCrop
3287,SeaLake
3288,AnnualCrop
3289,PermanentCrop
3290,Forest
3291,SeaLake
3292,Highway
3293,HerbaceousVegetation
3294,Industrial
3295,SeaLake
3296,PermanentCrop
3297,Forest
3298,River
3299,Residential
3300,Industrial
3301,HerbaceousVegetation
3302,HerbaceousVegetation
3303,PermanentCrop
3304,PermanentCrop
3305,SeaLake
3306,PermanentCrop
3307,Forest
3308,AnnualCrop
3309,HerbaceousVegetation
3310,Forest
3311,Residential
3312,Forest
3313,HerbaceousVegetation
3314,Industrial
3315,River
3316,Forest
3317,Highway
3318,SeaLake
3319,SeaLake
3320,SeaLake
3321,PermanentCrop
3322,AnnualCrop
3323,AnnualCrop
3324,Residential
3325,Pasture
3326,HerbaceousVegetation
3327,Forest
3328,Forest
3329,SeaLake
3330,Highway
3331,PermanentCrop
3332,Industrial
3333,AnnualCrop
3334,Forest
3335,HerbaceousVegetation
3336,PermanentCrop
3337,Forest
3338,SeaLake
3339,HerbaceousVegetation
3340,Forest
3341,Forest
3342,River
3343,AnnualCrop
3344,HerbaceousVegetation
3345,AnnualCrop
3346,HerbaceousVegetation
3347,Highway
3348,Industrial
3349,PermanentCrop
3350,AnnualCrop
3351,Residential
3352,SeaLake
3353,HerbaceousVegetation
3354,SeaLake
3355,SeaLake
3356,River
3357,River
3358,HerbaceousVegetation
3359,Residential
3360,River
3361,HerbaceousVegetation
3362,Forest
3363,Industrial
3364,Industrial
3365,Highway
3366,Residential
3367,PermanentCrop
3368,Residential
3369,HerbaceousVegetation
3370,Pasture
3371,River
3372,PermanentCrop
3373,Forest
3374,HerbaceousVegetation
3375,Pasture
3376,AnnualCrop
3377,Industrial
3378,Forest
3379,SeaLake
3380,Highway
3381,Highway
3382,SeaLake
3383,HerbaceousVegetation
3384,Highway
3385,SeaLake
3386,PermanentCrop
3387,Pasture
3388,Forest
3389,Pasture
3390,SeaLake
3391,PermanentCrop
3392,Forest
3393,Pasture
3394,Industrial
3395,Forest
3396,Highway
3397,HerbaceousVegetation
3398,Highway
3399,Residential
3400,AnnualCrop
3401,SeaLake
3402,SeaLake
3403,Highway
3404,PermanentCrop
3405,Residential
3406,Highway
3407,Residential
3408,AnnualCrop
3409,SeaLake
3410,Industrial
3411,Highway
3412,Industrial
3413,AnnualCrop
3414,River
3415,Highway
3416,SeaLake
3417,SeaLake
3418,AnnualCrop
3419,PermanentCrop
3420,PermanentCrop
3421,Forest
3422,Residential
3423,River
3424,Industrial
3425,HerbaceousVegetation
3426,Industrial
3427,SeaLake
3428,SeaLake
3429,Highway
3430,SeaLake
3431,River
3432,Residential
3433,AnnualCrop
3434,HerbaceousVegetation
3435,AnnualCrop
3436,Forest
3437,AnnualCrop
3438,Highway
3439,Pasture
3440,Pasture
3441,AnnualCrop
3442,Residential
3443,AnnualCrop
3444,Residential
3445,Industrial
3446,HerbaceousVegetation
3447,Highway
3448,HerbaceousVegetation
3449,River
3450,HerbaceousVegetation
3451,Industrial
3452,Industrial
3453,River
3454,HerbaceousVegetation
3455,Forest
3456,HerbaceousVegetation
3457,SeaLake
3458,Highway
3459,Residential
3460,AnnualCrop
3461,Residential
3462,HerbaceousVegetation
3463,SeaLake
3464,SeaLake
3465,SeaLake
3466,HerbaceousVegetation
3467,Forest
3468,Residential
3469,SeaLake
3470,Highway
3471,Industrial
3472,SeaLake
3473,Highway
3474,Residential
3475,SeaLake
3476,Pasture
3477,PermanentCrop
3478,Industrial
3479,HerbaceousVegetation
3480,Forest
3481,Highway
3482,HerbaceousVegetation
3483,Highway
3484,Highway
3485,Pasture
3486,Highway
3487,HerbaceousVegetation
3488,Forest
3489,Highway
3490,PermanentCrop
3491,AnnualCrop
3492,Pasture
3493,Forest
3494,Forest
3495,AnnualCrop
3496,AnnualCrop
3497,River
3498,SeaLake
3499,AnnualCrop
3500,Forest
3501,Pasture
3502,Residential
3503,Industrial
3504,PermanentCrop
3505,SeaLake
3506,AnnualCrop
3507,SeaLake
3508,Highway
3509,Forest
3510,River
3511,HerbaceousVegetation
3512,PermanentCrop
3513,Forest
3514,Residential
3515,Industrial
3516,River
3517,Highway
3518,Forest
3519,Forest
3520,PermanentCrop
3521,Highway
3522,Residential
3523,Forest
3524,Residential
3525,PermanentCrop
3526,Residential
3527,Industrial
3528,Forest
3529,River
3530,Forest
3531,Residential
3532,River
3533,Pasture
3534,Pasture
3535,HerbaceousVegetation
3536,PermanentCrop
3537,SeaLake
3538,PermanentCrop
3539,River
3540,HerbaceousVegetation
3541,AnnualCrop
3542,PermanentCrop
3543,PermanentCrop
3544,Industrial
3545,SeaLake
3546,Highway
3547,Forest
3548,Forest
3549,Forest
3550,AnnualCrop
3551,Forest
3552,HerbaceousVegetation
3553,Forest
3554,Residential
3555,Highway
3556,Forest
3557,Industrial
3558,SeaLake
3559,SeaLake
3560,Residential
3561,Industrial
3562,Forest
3563,Residential
3564,Pasture
3565,HerbaceousVegetation
3566,AnnualCrop
3567,HerbaceousVegetation
3568,HerbaceousVegetation
3569,River
3570,PermanentCrop
3571,Highway
3572,Pasture
3573,AnnualCrop
3574,River
3575,Residential
3576,Forest
3577,HerbaceousVegetation
3578,River
3579,Forest
3580,Highway
3581,AnnualCrop
3582,River
3583,Highway
3584,Industrial
3585,HerbaceousVegetation
3586,Residential
3587,Forest
3588,Residential
3589,HerbaceousVegetation
3590,Industrial
3591,HerbaceousVegetation
3592,HerbaceousVegetation
3593,PermanentCrop
3594,PermanentCrop
3595,HerbaceousVegetation
3596,HerbaceousVegetation
3597,Pasture
3598,Forest
3599,Forest
3600,SeaLake
3601,Pasture
3602,HerbaceousVegetation
3603,PermanentCrop
3604,Residential
3605,Industrial
3606,SeaLake
3607,SeaLake
3608,HerbaceousVegetation
3609,HerbaceousVegetation
3610,HerbaceousVegetation
3611,Forest
3612,SeaLake
3613,HerbaceousVegetation
3614,SeaLake
3615,SeaLake
3616,Forest
3617,Highway
3618,AnnualCrop
3619,PermanentCrop
3620,Residential
3621,HerbaceousVegetation
3622,River
3623,AnnualCrop
3624,AnnualCrop
3625,SeaLake
3626,Forest
3627,Highway
3628,River
3629,Highway
3630,SeaLake
3631,River
3632,Industrial
3633,Industrial
3634,Pasture
3635,PermanentCrop
3636,AnnualCrop
3637,Highway
3638,Forest
3639,Highway
3640,HerbaceousVegetation
3641,SeaLake
3642,Highway
3643,PermanentCrop
3644,AnnualCrop
3645,SeaLake
3646,Residential
3647,River
3648,River
3649,HerbaceousVegetation
3650,Residential
3651,AnnualCrop
3652,Forest
3653,Forest
3654,AnnualCrop
3655,Highway
3656,River
3657,Highway
3658,Pasture
3659,HerbaceousVegetation
3660,Residential
3661,Highway
3662,Residential
3663,Pasture
3664,Residential
3665,SeaLake
3666,PermanentCrop
3667,AnnualCrop
3668,AnnualCrop
3669,River
3670,HerbaceousVegetation
3671,AnnualCrop
3672,Pasture
3673,Highway
3674,HerbaceousVegetation
3675,AnnualCrop
3676,AnnualCrop
3677,Highway
3678,SeaLake
3679,AnnualCrop
3680,Residential
3681,Residential
3682,Residential
3683,Residential
3684,HerbaceousVegetation
3685,HerbaceousVegetation
3686,Highway
3687,AnnualCrop
3688,AnnualCrop
3689,Residential
3690,Pasture
3691,SeaLake
3692,Industrial
3693,SeaLake
3694,HerbaceousVegetation
3695,River
3696,Forest
3697,Pasture
3698,Industrial
3699,PermanentCrop
3700,Highway
3701,Forest
3702,SeaLake
3703,HerbaceousVegetation
3704,Forest
3705,Highway
3706,Highway
3707,Pasture
3708,PermanentCrop
3709,PermanentCrop
3710,Industrial
3711,River
3712,Forest
3713,Forest
3714,Industrial
3715,Highway
3716,Highway
3717,Forest
3718,AnnualCrop
3719,Highway
3720,AnnualCrop
3721,PermanentCrop
3722,Residential
3723,HerbaceousVegetation
3724,AnnualCrop
3725,SeaLake
3726,HerbaceousVegetation
3727,Industrial
3728,Highway
3729,HerbaceousVegetation
3730,Highway
3731,River
3732,HerbaceousVegetation
3733,SeaLake
3734,Residential
3735,AnnualCrop
3736,River
3737,HerbaceousVegetation
3738,Residential
3739,Forest
3740,River
3741,SeaLake
3742,Forest
3743,Highway
3744,HerbaceousVegetation
3745,SeaLake
3746,Highway
3747,Highway
3748,SeaLake
3749,PermanentCrop
3750,River
3751,Industrial
3752,Residential
3753,PermanentCrop
3754,SeaLake
3755,Highway
3756,Forest
3757,SeaLake
3758,River
3759,Residential
3760,PermanentCrop
3761,SeaLake
3762,Industrial
3763,AnnualCrop
3764,Forest
3765,Residential
3766,River
3767,Residential
3768,Industrial
3769,Residential
3770,SeaLake
3771,SeaLake
3772,Forest
3773,AnnualCrop
3774,SeaLake
3775,AnnualCrop
3776,Residential
3777,Forest
3778,SeaLake
3779,AnnualCrop
3780,River
3781,Industrial
3782,AnnualCrop
3783,Residential
3784,AnnualCrop
3785,Forest
3786,Residential
3787,Pasture
3788,Residential
3789,HerbaceousVegetation
3790,HerbaceousVegetation
3791,Highway
3792,AnnualCrop
3793,River
3794,Pasture
3795,Residential
3796,Highway
3797,Pasture
3798,SeaLake
3799,Highway
3800,Forest
3801,Pasture
3802,River
3803,SeaLake
3804,HerbaceousVegetation
3805,Forest
3806,Industrial
3807,River
3808,Highway
3809,Pasture
3810,Pasture
3811,PermanentCrop
3812,HerbaceousVegetation
3813,River
3814,Residential
3815,Residential
3816,SeaLake
3817,SeaLake
3818,AnnualCrop
3819,Residential
3820,SeaLake
3821,Industrial
3822,River
3823,HerbaceousVegetation
3824,Highway
3825,Highway
3826,AnnualCrop
3827,Residential
3828,River
3829,Forest
3830,Industrial
3831,PermanentCrop
3832,Industrial
3833,River
3834,Highway
3835,Highway
3836,AnnualCrop
3837,Residential
3838,HerbaceousVegetation
3839,Highway
3840,HerbaceousVegetation
3841,AnnualCrop
3842,Pasture
3843,Residential
3844,SeaLake
3845,Highway
3846,SeaLake
3847,Industrial
3848,SeaLake
3849,AnnualCrop
3850,Pasture
3851,Forest
3852,SeaLake
3853,Industrial
3854,HerbaceousVegetation
3855,Forest
3856,Residential
3857,Pasture
3858,Forest
3859,AnnualCrop
3860,River
3861,Highway
3862,Highway
3863,HerbaceousVegetation
3864,SeaLake
3865,Industrial
3866,AnnualCrop
3867,HerbaceousVegetation
3868,Forest
3869,HerbaceousVegetation
3870,River
3871,Highway
3872,Forest
3873,River
3874,SeaLake
3875,Industrial
3876,AnnualCrop
3877,AnnualCrop
3878,HerbaceousVegetation
3879,Industrial
3880,AnnualCrop
3881,AnnualCrop
3882,Forest
3883,Highway
3884,SeaLake
3885,SeaLake
3886,SeaLake
3887,Highway
3888,Highway
3889,AnnualCrop
3890,River
3891,HerbaceousVegetation
3892,Residential
3893,Forest
3894,Forest
3895,Forest
3896,Forest
3897,PermanentCrop
3898,PermanentCrop
3899,SeaLake
3900,Residential
3901,AnnualCrop
3902,Industrial
3903,AnnualCrop
3904,Forest
3905,Highway
3906,Industrial
3907,Pasture
3908,Pasture
3909,HerbaceousVegetation
3910,HerbaceousVegetation
3911,Highway
3912,River
3913,AnnualCrop
3914,Industrial
3915,HerbaceousVegetation
3916,SeaLake
3917,Residential
3918,PermanentCrop
3919,AnnualCrop
3920,AnnualCrop
3921,Industrial
3922,Industrial
3923,PermanentCrop
3924,PermanentCrop
3925,HerbaceousVegetation
3926,PermanentCrop
3927,HerbaceousVegetation
3928,PermanentCrop
3929,Highway
3930,Residential
3931,HerbaceousVegetation
3932,PermanentCrop
3933,River
3934,Highway
3935,HerbaceousVegetation
3936,Pasture
3937,Industrial
3938,HerbaceousVegetation
3939,Pasture
3940,PermanentCrop
3941,PermanentCrop
3942,PermanentCrop
3943,Highway
3944,Pasture
3945,SeaLake
3946,Residential
3947,River
3948,Highway
3949,SeaLake
3950,Industrial
3951,SeaLake
3952,SeaLake
3953,Forest
3954,Residential
3955,HerbaceousVegetation
3956,HerbaceousVegetation
3957,HerbaceousVegetation
3958,AnnualCrop
3959,River
3960,SeaLake
3961,Residential
3962,Pasture
3963,AnnualCrop
3964,Residential
3965,Pasture
3966,HerbaceousVegetation
3967,Residential
3968,Forest
3969,AnnualCrop
3970,AnnualCrop
3971,Forest
3972,Forest
3973,Industrial
3974,AnnualCrop
3975,SeaLake
3976,Industrial
3977,Highway
3978,Highway
3979,Forest
3980,Highway
3981,AnnualCrop
3982,SeaLake
3983,Industrial
3984,Residential
3985,Residential
3986,SeaLake
3987,Forest
3988,Pasture
3989,Highway
3990,Residential
3991,Residential
3992,Industrial
3993,Industrial
3994,Forest
3995,HerbaceousVegetation
3996,Forest
3997,Industrial
3998,Residential
3999,Forest
4000,HerbaceousVegetation
4001,HerbaceousVegetation
4002,HerbaceousVegetation
4003,River
4004,SeaLake
4005,Forest
4006,Residential
4007,Pasture
4008,Industrial
4009,Highway
4010,Residential
4011,Forest
4012,Highway
4013,Forest
4014,Industrial
4015,Forest
4016,AnnualCrop
4017,River
4018,Pasture
4019,River
4020,River
4021,Pasture
4022,SeaLake
4023,AnnualCrop
4024,AnnualCrop
4025,AnnualCrop
4026,PermanentCrop
4027,River
4028,Residential
4029,HerbaceousVegetation
4030,Highway
4031,Forest
4032,Forest
4033,Industrial
4034,PermanentCrop
4035,Residential
4036,PermanentCrop
4037,Industrial
4038,Pasture
4039,SeaLake
4040,Residential
4041,HerbaceousVegetation
4042,AnnualCrop
4043,Forest
4044,Forest
4045,Residential
4046,Industrial
4047,HerbaceousVegetation
4048,PermanentCrop
4049,River
4050,River
4051,Forest
4052,HerbaceousVegetation
4053,Highway
4054,AnnualCrop
4055,SeaLake
4056,SeaLake
4057,Forest
4058,AnnualCrop
4059,Pasture
4060,Forest
4061,Industrial
4062,HerbaceousVegetation
4063,Forest
4064,Industrial
4065,PermanentCrop
4066,SeaLake
4067,Pasture
4068,Residential
4069,AnnualCrop
4070,SeaLake
4071,AnnualCrop
4072,River
4073,Industrial
4074,Residential
4075,PermanentCrop
4076,Highway
4077,Industrial
4078,AnnualCrop
4079,Residential
4080,SeaLake
4081,HerbaceousVegetation
4082,HerbaceousVegetation
4083,Industrial
4084,Pasture
4085,HerbaceousVegetation
4086,PermanentCrop
4087,AnnualCrop
4088,Residential
4089,PermanentCrop
4090,AnnualCrop
4091,Forest
4092,Industrial
4093,Residential
4094,Forest
4095,AnnualCrop
4096,HerbaceousVegetation
4097,Pasture
4098,PermanentCrop
4099,Industrial
4100,River
4101,Residential
4102,Industrial
4103,Residential
4104,Industrial
4105,PermanentCrop
4106,Residential
4107,HerbaceousVegetation
4108,Residential
4109,Forest
4110,SeaLake
4111,PermanentCrop
4112,AnnualCrop
4113,Pasture
4114,SeaLake
4115,Residential
4116,Residential
4117,SeaLake
4118,SeaLake
4119,Pasture
4120,Forest
4121,Forest
4122,AnnualCrop
4123,AnnualCrop
4124,Industrial
4125,Highway
4126,HerbaceousVegetation
4127,AnnualCrop
4128,Highway
4129,Industrial
4130,AnnualCrop
4131,Pasture
4132,Highway
4133,HerbaceousVegetation
4134,Residential
4135,Highway
4136,Highway
4137,Highway
4138,HerbaceousVegetation
4139,Forest
4140,Highway
4141,PermanentCrop
4142,HerbaceousVegetation
4143,HerbaceousVegetation
4144,Residential
4145,Pasture
4146,Highway
4147,HerbaceousVegetation
4148,AnnualCrop
4149,Highway
4150,HerbaceousVegetation
4151,River
4152,HerbaceousVegetation
4153,PermanentCrop
4154,AnnualCrop
4155,Highway
4156,River
4157,AnnualCrop
4158,PermanentCrop
4159,Highway
4160,HerbaceousVegetation
4161,Highway
4162,Forest
4163,Residential
4164,SeaLake
4165,HerbaceousVegetation
4166,PermanentCrop
4167,AnnualCrop
4168,PermanentCrop
4169,PermanentCrop
4170,Forest
4171,Highway
4172,Pasture
4173,Residential
4174,PermanentCrop
4175,SeaLake
4176,Industrial
4177,PermanentCrop
4178,Residential
4179,Forest
4180,Residential
4181,PermanentCrop
4182,Pasture
4183,Forest
4184,Residential
4185,Residential
4186,Highway
4187,Industrial
4188,HerbaceousVegetation
4189,Residential
4190,Residential
4191,Residential
4192,SeaLake
4193,Pasture
4194,AnnualCrop
4195,Residential
4196,SeaLake
4197,Forest
4198,PermanentCrop
4199,Pasture
4200,Forest
4201,Residential
4202,Forest
4203,Highway
4204,Pasture
4205,Highway
4206,Highway
4207,PermanentCrop
4208,River
4209,HerbaceousVegetation
4210,AnnualCrop
4211,Residential
4212,Residential
4213,AnnualCrop
4214,Residential
4215,Forest
4216,HerbaceousVegetation
4217,SeaLake
4218,PermanentCrop
4219,Residential
4220,SeaLake
4221,Industrial
4222,HerbaceousVegetation
4223,Residential
4224,River
4225,SeaLake
4226,PermanentCrop
4227,Forest
4228,SeaLake
4229,Forest
4230,SeaLake
4231,Residential
4232,Forest
4233,Industrial
4234,SeaLake
4235,Forest
4236,River
4237,AnnualCrop
4238,Forest
4239,SeaLake
4240,SeaLake
4241,AnnualCrop
4242,HerbaceousVegetation
4243,Residential
4244,Highway
4245,SeaLake
4246,PermanentCrop
4247,Residential
4248,Residential
4249,Highway
4250,Highway
4251,PermanentCrop
4252,AnnualCrop
4253,Highway
4254,River
4255,SeaLake
4256,River
4257,HerbaceousVegetation
4258,Residential
4259,Forest
4260,HerbaceousVegetation
4261,Forest
4262,PermanentCrop
4263,Residential
4264,Highway
4265,PermanentCrop
4266,Residential
4267,SeaLake
4268,HerbaceousVegetation
4269,Industrial
4270,Forest
4271,Pasture
4272,Forest
4273,Highway
4274,Residential
4275,HerbaceousVegetation
4276,HerbaceousVegetation
4277,Residential
4278,Pasture
4279,HerbaceousVegetation
4280,AnnualCrop
4281,Highway
4282,River
4283,AnnualCrop
4284,AnnualCrop
4285,Residential
4286,AnnualCrop
4287,River
4288,SeaLake
4289,Forest
4290,Highway
4291,Highway
4292,Forest
4293,Forest
4294,Residential
4295,PermanentCrop
4296,Highway
4297,Industrial
4298,HerbaceousVegetation
4299,Pasture
4300,SeaLake
4301,Forest
4302,Forest
4303,AnnualCrop
4304,Industrial
4305,River
4306,Highway
4307,SeaLake
4308,PermanentCrop
4309,SeaLake
4310,Residential
4311,AnnualCrop
4312,Residential
4313,AnnualCrop
4314,SeaLake
4315,Forest
4316,SeaLake
4317,Forest
4318,Industrial
4319,Forest
4320,Highway
4321,HerbaceousVegetation
4322,SeaLake
4323,Forest
4324,PermanentCrop
4325,Industrial
4326,River
4327,SeaLake
4328,Pasture
4329,SeaLake
4330,PermanentCrop
4331,PermanentCrop
4332,Highway
4333,PermanentCrop
4334,Highway
4335,Industrial
4336,River
4337,River
4338,Pasture
4339,AnnualCrop
4340,Forest
4341,SeaLake
4342,River
4343,AnnualCrop
4344,PermanentCrop
4345,Forest
4346,AnnualCrop
4347,River
4348,HerbaceousVegetation
4349,HerbaceousVegetation
4350,HerbaceousVegetation
4351,River
4352,AnnualCrop
4353,River
4354,River
4355,Residential
4356,Forest
4357,HerbaceousVegetation
4358,Forest
4359,PermanentCrop
4360,SeaLake
4361,HerbaceousVegetation
4362,SeaLake
4363,Forest
4364,SeaLake
4365,Residential
4366,PermanentCrop
4367,River
4368,Forest
4369,Highway
4370,SeaLake
4371,Forest
4372,Highway
4373,HerbaceousVegetation
4374,HerbaceousVegetation
4375,Pasture
4376,Highway
4377,River
4378,Forest
4379,HerbaceousVegetation
4380,HerbaceousVegetation
4381,Forest
4382,PermanentCrop
4383,PermanentCrop
4384,Forest
4385,AnnualCrop
4386,Highway
4387,River
4388,SeaLake
4389,AnnualCrop
4390,HerbaceousVegetation
4391,Highway
4392,Forest
4393,PermanentCrop
4394,Residential
4395,Residential
4396,Industrial
4397,AnnualCrop
4398,Forest
4399,River
4400,Pasture
4401,Industrial
4402,River
4403,AnnualCrop
4404,SeaLake
4405,Highway
4406,Industrial
4407,HerbaceousVegetation
4408,SeaLake
4409,Forest
4410,Residential
4411,Residential
4412,PermanentCrop
4413,AnnualCrop
4414,PermanentCrop
4415,PermanentCrop
4416,Forest
4417,AnnualCrop
4418,Pasture
4419,Highway
4420,Forest
4421,AnnualCrop
4422,River
4423,Forest
4424,AnnualCrop
4425,HerbaceousVegetation
4426,AnnualCrop
4427,SeaLake
4428,Forest
4429,Forest
4430,Highway
4431,Residential
4432,Highway
4433,AnnualCrop
4434,SeaLake
4435,HerbaceousVegetation
4436,Industrial
4437,River
4438,PermanentCrop
4439,Pasture
4440,SeaLake
4441,Residential
4442,Residential
4443,Forest
4444,SeaLake
4445,Industrial
4446,River
4447,Forest
4448,Residential
4449,AnnualCrop
4450,SeaLake
4451,SeaLake
4452,SeaLake
4453,Forest
4454,Industrial
4455,AnnualCrop
4456,Industrial
4457,Forest
4458,Residential
4459,HerbaceousVegetation
4460,Industrial
4461,Industrial
4462,HerbaceousVegetation
4463,SeaLake
4464,SeaLake
4465,Forest
4466,Highway
4467,River
4468,Residential
4469,Highway
4470,AnnualCrop
4471,River
4472,Pasture
4473,AnnualCrop
4474,HerbaceousVegetation
4475,Residential
4476,Forest
4477,SeaLake
4478,Residential
4479,HerbaceousVegetation
4480,River
4481,AnnualCrop
4482,Industrial
4483,AnnualCrop
4484,Forest
4485,PermanentCrop
4486,Industrial
4487,Residential
4488,River
4489,Forest
4490,River
4491,Industrial
4492,HerbaceousVegetation
4493,Forest
4494,SeaLake
4495,Industrial
4496,Residential
4497,Industrial
4498,Industrial
4499,Highway
4500,Forest
4501,Pasture
4502,AnnualCrop
4503,River
4504,Pasture
4505,Pasture
4506,Forest
4507,PermanentCrop
4508,SeaLake
4509,Highway
4510,Highway
4511,Industrial
4512,HerbaceousVegetation
4513,Industrial
4514,HerbaceousVegetation
4515,HerbaceousVegetation
4516,HerbaceousVegetation
4517,AnnualCrop
4518,Highway
4519,Residential
4520,Pasture
4521,Industrial
4522,River
4523,Residential
4524,AnnualCrop
4525,Industrial
4526,Pasture
4527,HerbaceousVegetation
4528,Highway
4529,PermanentCrop
4530,Industrial
4531,Highway
4532,PermanentCrop
4533,AnnualCrop
4534,Forest
4535,Forest
4536,Highway
4537,HerbaceousVegetation
4538,Forest
4539,HerbaceousVegetation
4540,Industrial
4541,Forest
4542,SeaLake
4543,HerbaceousVegetation
4544,PermanentCrop
4545,Residential
4546,AnnualCrop
4547,Industrial
4548,HerbaceousVegetation
4549,AnnualCrop
4550,AnnualCrop
4551,SeaLake
4552,Residential
4553,Highway
4554,Highway
4555,Highway
4556,Industrial
4557,Residential
4558,SeaLake
4559,AnnualCrop
4560,Pasture
4561,Highway
4562,SeaLake
4563,Forest
4564,Forest
4565,HerbaceousVegetation
4566,Residential
4567,Highway
4568,PermanentCrop
4569,HerbaceousVegetation
4570,Industrial
4571,Forest
4572,Industrial
4573,River
4574,HerbaceousVegetation
4575,SeaLake
4576,PermanentCrop
4577,Highway
4578,Pasture
4579,Forest
4580,SeaLake
4581,Forest
4582,Forest
4583,AnnualCrop
4584,River
4585,Industrial
4586,AnnualCrop
4587,Highway
4588,Forest
4589,Highway
4590,PermanentCrop
4591,PermanentCrop
4592,Forest
4593,Forest
4594,Industrial
4595,HerbaceousVegetation
4596,HerbaceousVegetation
4597,River
4598,Industrial
4599,SeaLake
4600,Highway
4601,AnnualCrop
4602,Residential
4603,Pasture
4604,Highway
4605,AnnualCrop
4606,Industrial
4607,SeaLake
4608,Residential
4609,SeaLake
4610,Pasture
4611,SeaLake
4612,Industrial
4613,HerbaceousVegetation
4614,Industrial
4615,Industrial
4616,HerbaceousVegetation
4617,Pasture
4618,AnnualCrop
4619,Industrial
4620,Highway
4621,Residential
4622,Highway
4623,Industrial
4624,HerbaceousVegetation
4625,HerbaceousVegetation
4626,Residential
4627,Pasture
4628,PermanentCrop
4629,Highway
4630,HerbaceousVegetation
4631,PermanentCrop
4632,Highway
4633,SeaLake
4634,HerbaceousVegetation
4635,Residential
4636,Forest
4637,AnnualCrop
4638,Forest
4639,AnnualCrop
4640,Pasture
4641,Highway
4642,AnnualCrop
4643,SeaLake
4644,Forest
4645,Highway
4646,Highway
4647,Industrial
4648,HerbaceousVegetation
4649,Highway
4650,Residential
4651,River
4652,River
4653,Highway
4654,Residential
4655,Pasture
4656,AnnualCrop
4657,Pasture
4658,Residential
4659,SeaLake
4660,AnnualCrop
4661,Residential
4662,River
4663,Pasture
4664,HerbaceousVegetation
4665,Industrial
4666,AnnualCrop
4667,SeaLake
4668,AnnualCrop
4669,Highway
4670,Forest
4671,Pasture
4672,HerbaceousVegetation
4673,PermanentCrop
4674,Highway
4675,PermanentCrop
4676,Forest
4677,Industrial
4678,Industrial
4679,Forest
4680,Pasture
4681,River
4682,Highway
4683,PermanentCrop
4684,Residential
4685,Residential
4686,Industrial
4687,River
4688,AnnualCrop
4689,Forest
4690,Residential
4691,Industrial
4692,Residential
4693,Forest
4694,HerbaceousVegetation
4695,Residential
4696,Residential
4697,River
4698,Pasture
4699,SeaLake
4700,SeaLake
4701,AnnualCrop
4702,Forest
4703,HerbaceousVegetation
4704,Residential
4705,Residential
4706,HerbaceousVegetation
4707,PermanentCrop
4708,HerbaceousVegetation
4709,HerbaceousVegetation
4710,PermanentCrop
4711,HerbaceousVegetation
4712,AnnualCrop
4713,SeaLake
4714,Highway
4715,River
4716,AnnualCrop
4717,Forest
4718,Forest
4719,Forest
4720,Industrial
4721,Residential
4722,SeaLake
4723,Residential
4724,PermanentCrop
4725,AnnualCrop
4726,Residential
4727,AnnualCrop
4728,SeaLake
4729,PermanentCrop
4730,Industrial
4731,PermanentCrop
4732,AnnualCrop
4733,AnnualCrop
4734,HerbaceousVegetation
4735,Forest
4736,Residential
4737,Highway
4738,Residential
4739,HerbaceousVegetation
4740,Forest
4741,AnnualCrop
4742,Residential
4743,Highway
4744,Residential
4745,Forest
4746,Residential
4747,Industrial
4748,HerbaceousVegetation
4749,HerbaceousVegetation
4750,Residential
4751,Forest
4752,HerbaceousVegetation
4753,Residential
4754,PermanentCrop
4755,Industrial
4756,PermanentCrop
4757,HerbaceousVegetation
4758,Highway
4759,Highway
4760,Highway
4761,River
4762,Highway
4763,HerbaceousVegetation
4764,Residential
4765,HerbaceousVegetation
4766,Forest
4767,HerbaceousVegetation
4768,River
4769,AnnualCrop
4770,Forest
4771,AnnualCrop
4772,River
4773,Industrial
4774,HerbaceousVegetation
4775,HerbaceousVegetation
4776,River
4777,PermanentCrop
4778,SeaLake
4779,Industrial
4780,AnnualCrop
4781,Pasture
4782,AnnualCrop
4783,AnnualCrop
4784,River
4785,River
4786,AnnualCrop
4787,Residential
4788,Residential
4789,Industrial
4790,SeaLake
4791,HerbaceousVegetation
4792,Industrial
4793,Industrial
4794,PermanentCrop
4795,SeaLake
4796,River
4797,Forest
4798,Residential
4799,PermanentCrop
4800,SeaLake
4801,Pasture
4802,River
4803,Pasture
4804,SeaLake
4805,Industrial
4806,HerbaceousVegetation
4807,Highway
4808,HerbaceousVegetation
4809,SeaLake
4810,HerbaceousVegetation
4811,Residential
4812,HerbaceousVegetation
4813,SeaLake
4814,PermanentCrop
4815,Residential
4816,Pasture
4817,Highway
4818,River
4819,Highway
4820,Forest
4821,AnnualCrop
4822,SeaLake
4823,SeaLake
4824,HerbaceousVegetation
4825,Residential
4826,HerbaceousVegetation
4827,Industrial
4828,Industrial
4829,Highway
4830,Forest
4831,HerbaceousVegetation
4832,SeaLake
4833,SeaLake
4834,HerbaceousVegetation
4835,Forest
4836,AnnualCrop
4837,SeaLake
4838,Forest
4839,Residential
4840,AnnualCrop
4841,PermanentCrop
4842,Forest
4843,AnnualCrop
4844,SeaLake
4845,River
4846,AnnualCrop
4847,PermanentCrop
4848,Highway
4849,River
4850,PermanentCrop
4851,PermanentCrop
4852,PermanentCrop
4853,Pasture
4854,River
4855,Industrial
4856,HerbaceousVegetation
4857,HerbaceousVegetation
4858,PermanentCrop
4859,Forest
4860,HerbaceousVegetation
4861,Highway
4862,River
4863,Forest
4864,HerbaceousVegetation
4865,HerbaceousVegetation
4866,River
4867,Highway
4868,AnnualCrop
4869,Industrial
4870,Highway
4871,Highway
4872,Industrial
4873,SeaLake
4874,Industrial
4875,Forest
4876,Residential
4877,Highway
4878,Pasture
4879,HerbaceousVegetation
4880,SeaLake
4881,Industrial
4882,River
4883,Highway
4884,SeaLake
4885,River
4886,Highway
4887,PermanentCrop
4888,Forest
4889,Residential
4890,AnnualCrop
4891,Residential
4892,Residential
4893,Industrial
4894,SeaLake
4895,Residential
4896,River
4897,PermanentCrop
4898,Pasture
4899,PermanentCrop
4900,SeaLake
4901,HerbaceousVegetation
4902,HerbaceousVegetation
4903,River
4904,Highway
4905,Industrial
4906,Highway
4907,AnnualCrop
4908,Highway
4909,SeaLake
4910,Highway
4911,River
4912,SeaLake
4913,HerbaceousVegetation
4914,Forest
4915,Residential
4916,Pasture
4917,River
4918,SeaLake
4919,HerbaceousVegetation
4920,AnnualCrop
4921,River
4922,Forest
4923,Highway
4924,SeaLake
4925,AnnualCrop
4926,Highway
4927,Forest
4928,Industrial
4929,AnnualCrop
4930,AnnualCrop
4931,River
4932,AnnualCrop
4933,PermanentCrop
4934,Highway
4935,SeaLake
4936,Forest
4937,AnnualCrop
4938,AnnualCrop
4939,Industrial
4940,Highway
4941,Industrial
4942,Forest
4943,Highway
4944,SeaLake
4945,Pasture
4946,HerbaceousVegetation
4947,Forest
4948,Residential
4949,HerbaceousVegetation
4950,Industrial
4951,River
4952,Industrial
4953,AnnualCrop
4954,HerbaceousVegetation
4955,HerbaceousVegetation
4956,Industrial
4957,Residential
4958,Forest
4959,AnnualCrop
4960,Industrial
4961,Residential
4962,Industrial
4963,Highway
4964,Residential
4965,Industrial
4966,HerbaceousVegetation
4967,Highway
4968,Pasture
4969,Residential
4970,River
4971,Residential
4972,Industrial
4973,Residential
4974,AnnualCrop
4975,River
4976,Industrial
4977,Forest
4978,HerbaceousVegetation
4979,Forest
4980,River
4981,PermanentCrop
4982,Pasture
4983,Highway
4984,Residential
4985,River
4986,AnnualCrop
4987,PermanentCrop
4988,AnnualCrop
4989,River
4990,Highway
4991,HerbaceousVegetation
4992,AnnualCrop
4993,Industrial
4994,River
4995,Residential
4996,Highway
4997,River
4998,Residential
4999,AnnualCrop
5000,Forest
5001,Highway
5002,Highway
5003,Industrial
5004,River
5005,Industrial
5006,Industrial
5007,Forest
5008,Highway
5009,River
5010,HerbaceousVegetation
5011,SeaLake
5012,Forest
5013,Residential
5014,Residential
5015,SeaLake
5016,Residential
5017,River
5018,PermanentCrop
5019,Forest
5020,PermanentCrop
5021,Pasture
5022,River
5023,Residential
5024,Residential
5025,Highway
5026,River
5027,Industrial
5028,Industrial
5029,AnnualCrop
5030,Industrial
5031,River
5032,Forest
5033,SeaLake
5034,River
5035,River
5036,Highway
5037,AnnualCrop
5038,Industrial
5039,HerbaceousVegetation
5040,Forest
5041,Forest
5042,Highway
5043,SeaLake
5044,Forest
5045,PermanentCrop
5046,Highway
5047,Forest
5048,SeaLake
5049,Residential
5050,Highway
5051,Pasture
5052,River
5053,Residential
5054,Residential
5055,AnnualCrop
5056,Residential
5057,Residential
5058,Forest
5059,Forest
5060,AnnualCrop
5061,AnnualCrop
5062,AnnualCrop
5063,HerbaceousVegetation
5064,HerbaceousVegetation
5065,River
5066,River
5067,SeaLake
5068,River
5069,SeaLake
5070,AnnualCrop
5071,Residential
5072,Industrial
5073,Highway
5074,Highway
5075,Pasture
5076,SeaLake
5077,HerbaceousVegetation
5078,HerbaceousVegetation
5079,AnnualCrop
5080,Residential
5081,HerbaceousVegetation
5082,River
5083,River
5084,HerbaceousVegetation
5085,SeaLake
5086,Residential
5087,Residential
5088,Industrial
5089,Industrial
5090,Residential
5091,Industrial
5092,Residential
5093,River
5094,HerbaceousVegetation
5095,PermanentCrop
5096,River
5097,Pasture
5098,SeaLake
5099,Highway
5100,SeaLake
5101,Residential
5102,Industrial
5103,SeaLake
5104,Residential
5105,Pasture
5106,AnnualCrop
5107,Industrial
5108,Forest
5109,Industrial
5110,Highway
5111,Pasture
5112,Residential
5113,HerbaceousVegetation
5114,Pasture
5115,River
5116,SeaLake
5117,River
5118,SeaLake
5119,SeaLake
5120,HerbaceousVegetation
5121,Pasture
5122,SeaLake
5123,AnnualCrop
5124,SeaLake
5125,Residential
5126,Industrial
5127,SeaLake
5128,HerbaceousVegetation
5129,HerbaceousVegetation
5130,HerbaceousVegetation
5131,PermanentCrop
5132,SeaLake
5133,SeaLake
5134,PermanentCrop
5135,Residential
5136,Highway
5137,HerbaceousVegetation
5138,Pasture
5139,Pasture
5140,River
5141,Residential
5142,SeaLake
5143,Pasture
5144,PermanentCrop
5145,Residential
5146,Highway
5147,SeaLake
5148,HerbaceousVegetation
5149,Forest
5150,Highway
5151,Forest
5152,HerbaceousVegetation
5153,Forest
5154,SeaLake
5155,Pasture
5156,HerbaceousVegetation
5157,River
5158,Residential
5159,Forest
5160,Industrial
5161,AnnualCrop
5162,Forest
5163,HerbaceousVegetation
5164,Highway
5165,AnnualCrop
5166,PermanentCrop
5167,River
5168,Forest
5169,Forest
5170,River
5171,HerbaceousVegetation
5172,Forest
5173,SeaLake
5174,SeaLake
5175,Highway
5176,AnnualCrop
5177,River
5178,Forest
5179,SeaLake
5180,AnnualCrop
5181,Highway
5182,Highway
5183,Highway
5184,Pasture
5185,Residential
5186,Forest
5187,Highway
5188,River
5189,SeaLake
5190,Highway
5191,Industrial
5192,AnnualCrop
5193,Forest
5194,HerbaceousVegetation
5195,AnnualCrop
5196,Forest
5197,Forest
5198,SeaLake
5199,SeaLake
5200,Residential
5201,HerbaceousVegetation
5202,PermanentCrop
5203,AnnualCrop
5204,SeaLake
5205,Industrial
5206,Residential
5207,River
5208,SeaLake
5209,SeaLake
5210,PermanentCrop
5211,Pasture
5212,River
5213,SeaLake
5214,Residential
5215,Highway
5216,Forest
5217,Forest
5218,Forest
5219,River
5220,River
5221,Residential
5222,River
5223,Residential
5224,Industrial
5225,SeaLake
5226,SeaLake
5227,AnnualCrop
5228,SeaLake
5229,Forest
5230,Industrial
5231,Highway
5232,Industrial
5233,River
5234,HerbaceousVegetation
5235,AnnualCrop
5236,HerbaceousVegetation
5237,Highway
5238,Highway
5239,Forest
5240,Pasture
5241,HerbaceousVegetation
5242,PermanentCrop
5243,PermanentCrop
5244,Residential
5245,Residential
5246,River
5247,River
5248,AnnualCrop
5249,Industrial
5250,Industrial
5251,Industrial
5252,Forest
5253,SeaLake
5254,Highway
5255,Residential
5256,Highway
5257,Highway
5258,Forest
5259,Forest
5260,AnnualCrop
5261,Forest
5262,River
5263,Residential
5264,SeaLake
5265,Residential
5266,HerbaceousVegetation
5267,River
5268,Residential
5269,SeaLake
5270,Residential
5271,Forest
5272,Residential
5273,Industrial
5274,HerbaceousVegetation
5275,Pasture
5276,River
5277,PermanentCrop
5278,Residential
5279,Forest
5280,Residential
5281,Residential
5282,Highway
5283,AnnualCrop
5284,Residential
5285,Residential
5286,Residential
5287,Pasture
5288,SeaLake
5289,AnnualCrop
5290,Forest
5291,Residential
5292,PermanentCrop
5293,Forest
5294,HerbaceousVegetation
5295,AnnualCrop
5296,Highway
5297,Highway
5298,Industrial
5299,SeaLake
5300,River
5301,Highway
5302,HerbaceousVegetation
5303,SeaLake
5304,SeaLake
5305,SeaLake
5306,Residential
5307,Pasture
5308,AnnualCrop
5309,Industrial
5310,SeaLake
5311,Forest
5312,River
5313,HerbaceousVegetation
5314,Forest
5315,Highway
5316,Highway
5317,Highway
5318,HerbaceousVegetation
5319,Highway
5320,Pasture
5321,Forest
5322,Industrial
5323,Industrial
5324,AnnualCrop
5325,Forest
5326,AnnualCrop
5327,HerbaceousVegetation
5328,Industrial
5329,AnnualCrop
5330,AnnualCrop
5331,SeaLake
5332,Highway
5333,River
5334,Forest
5335,Highway
5336,PermanentCrop
5337,PermanentCrop
5338,Residential
5339,HerbaceousVegetation
5340,Highway
5341,AnnualCrop
5342,Residential
5343,HerbaceousVegetation
5344,AnnualCrop
5345,River
5346,Industrial
5347,HerbaceousVegetation
5348,HerbaceousVegetation
5349,Forest
5350,Highway
5351,Residential
5352,Forest
5353,River
5354,Forest
5355,HerbaceousVegetation
5356,Forest
5357,SeaLake
5358,PermanentCrop
5359,PermanentCrop
5360,SeaLake
5361,Pasture
5362,Highway
5363,Pasture
5364,Industrial
5365,AnnualCrop
5366,SeaLake
5367,PermanentCrop
5368,AnnualCrop
5369,Residential
5370,HerbaceousVegetation
5371,SeaLake
5372,Residential
5373,HerbaceousVegetation
5374,AnnualCrop
5375,Forest
5376,Pasture
5377,PermanentCrop
5378,AnnualCrop
5379,HerbaceousVegetation
5380,PermanentCrop
5381,Pasture
5382,Residential
5383,River
5384,SeaLake
5385,HerbaceousVegetation
5386,AnnualCrop
5387,Highway
5388,AnnualCrop
5389,PermanentCrop
5390,Residential
5391,Highway
5392,Forest
5393,Residential
5394,HerbaceousVegetation
5395,AnnualCrop
5396,Residential
5397,Residential
5398,AnnualCrop
5399,Industrial
